<metadata xml:lang="en"><Esri><CreaDate>20220601</CreaDate><CreaTime>09421100</CreaTime><ArcGISFormat>1.0</ArcGISFormat><SyncOnce>FALSE</SyncOnce><DataProperties><itemProps><itemLocation><linkage Sync="TRUE">file://\\KLMN21-0019-WD\C$\Users\hpilorge\Documents\ArcGIS\Projects\2-2-2-map\Data\CNW_NAD83_V5_2019_EEZ.shp</linkage><protocol Sync="TRUE">Local Area Network</protocol></itemLocation><itemName Sync="TRUE">CNW_NAD83_V5_2019_EEZ</itemName><imsContentType Sync="TRUE" export="False">002</imsContentType><nativeExtBox><westBL Sync="TRUE">-179.803392</westBL><eastBL Sync="TRUE">178.232761</eastBL><southBL Sync="TRUE">-55.905191</southBL><northBL Sync="TRUE">72.199720</northBL><exTypeCode Sync="TRUE">1</exTypeCode></nativeExtBox><itemSize Sync="TRUE">0.000</itemSize></itemProps><copyHistory><copy source="D:\NPMS_analysts\NathanielThompson\Metadata_Updates_202104\HCA_Phase2_202205\CNW_NAD83_V5_2019" dest="\\PHMHQNWAS059VG\D$\NPMS_analysts\NathanielThompson\Metadata_Updates_202104\HCA_Phase2_202205\CNW_V5\CNW_NAD83_V5_2019" date="20220601" time="09421700"/></copyHistory><lineage><Process ToolSource="c:\program files (x86)\arcgis\desktop10.6\ArcToolbox\Toolboxes\Data Management Tools.tbx\CalculateField" Date="20191114" Time="105703" Name="" export="">CalculateField Navigable_Waterway_Network_Lines YR_MOD_DOT !date_mod![4:7] PYTHON_9.3 #</Process><Process ToolSource="c:\program files (x86)\arcgis\desktop10.6\ArcToolbox\Toolboxes\Data Management Tools.tbx\CalculateField" Date="20191114" Time="105836" Name="" export="">CalculateField Navigable_Waterway_Network_Lines YR_MOD_DOT !date_mod![4:7] PYTHON_9.3 #</Process><Process ToolSource="c:\program files (x86)\arcgis\desktop10.6\ArcToolbox\Toolboxes\Data Management Tools.tbx\CalculateField" Date="20191114" Time="105846" Name="" export="">CalculateField Navigable_Waterway_Network_Lines YR_MOD_DOT !date_mod![4:8] PYTHON_9.3 #</Process><Process ToolSource="c:\program files (x86)\arcgis\desktop10.6\ArcToolbox\Toolboxes\Data Management Tools.tbx\CalculateField" Date="20191114" Time="105909" Name="" export="">CalculateField Navigable_Waterway_Network_Lines YR_MOD_DOT !date_mod![4:8] PYTHON_9.3 #</Process><Process ToolSource="c:\program files (x86)\arcgis\desktop10.6\ArcToolbox\Toolboxes\Data Management Tools.tbx\CalculateField" Date="20191120" Time="140111" Name="" export="">CalculateField CNW_NAD83_2019 CONCAT "[rivername] &amp; [state]" VB #</Process><Process ToolSource="c:\program files\arcgis\pro\Resources\ArcToolbox\toolboxes\Analysis Tools.tbx\Clip" Date="20230616" Time="171627">Clip CNW_NAD83_V5_2019 EEZ_IHO_v3_US C:\Users\hpilorge\Documents\ArcGIS\Projects\2-2-2-map\2-2-2-map.gdb\CNW_NAD83_V5_2019_EEZ #</Process><Process ToolSource="c:\program files\arcgis\pro\Resources\ArcToolbox\toolboxes\Conversion Tools.tbx\ExportFeatures" Date="20231130" Time="175718">ExportFeatures C:\Users\hpilorge\Documents\ArcGIS\Projects\2-2-2-map\2-2-2-map.gdb\CNW_NAD83_V5_2019_EEZ C:\Users\hpilorge\Documents\ArcGIS\Projects\2-2-2-map\Data\CNW_NAD83_V5_2019_EEZ.shp # NOT_USE_ALIAS "objectid "objectid" true true false 4 Long 0 0,First,#,C:\Users\hpilorge\Documents\ArcGIS\Projects\2-2-2-map\2-2-2-map.gdb\CNW_NAD83_V5_2019_EEZ,objectid,-1,-1;id "id" true true false 4 Long 0 0,First,#,C:\Users\hpilorge\Documents\ArcGIS\Projects\2-2-2-map\2-2-2-map.gdb\CNW_NAD83_V5_2019_EEZ,id,-1,-1;length "length" true true false 8 Double 0 0,First,#,C:\Users\hpilorge\Documents\ArcGIS\Projects\2-2-2-map\2-2-2-map.gdb\CNW_NAD83_V5_2019_EEZ,length,-1,-1;dir "dir" true true false 4 Long 0 0,First,#,C:\Users\hpilorge\Documents\ArcGIS\Projects\2-2-2-map\2-2-2-map.gdb\CNW_NAD83_V5_2019_EEZ,dir,-1,-1;linknum "linknum" true true false 4 Long 0 0,First,#,C:\Users\hpilorge\Documents\ArcGIS\Projects\2-2-2-map\2-2-2-map.gdb\CNW_NAD83_V5_2019_EEZ,linknum,-1,-1;anode "anode" true true false 4 Long 0 0,First,#,C:\Users\hpilorge\Documents\ArcGIS\Projects\2-2-2-map\2-2-2-map.gdb\CNW_NAD83_V5_2019_EEZ,anode,-1,-1;bnode "bnode" true true false 4 Long 0 0,First,#,C:\Users\hpilorge\Documents\ArcGIS\Projects\2-2-2-map\2-2-2-map.gdb\CNW_NAD83_V5_2019_EEZ,bnode,-1,-1;linkname "linkname" true true false 80 Text 0 0,First,#,C:\Users\hpilorge\Documents\ArcGIS\Projects\2-2-2-map\2-2-2-map.gdb\CNW_NAD83_V5_2019_EEZ,linkname,0,80;rivername "rivername" true true false 80 Text 0 0,First,#,C:\Users\hpilorge\Documents\ArcGIS\Projects\2-2-2-map\2-2-2-map.gdb\CNW_NAD83_V5_2019_EEZ,rivername,0,80;amile "amile" true true false 8 Double 0 0,First,#,C:\Users\hpilorge\Documents\ArcGIS\Projects\2-2-2-map\2-2-2-map.gdb\CNW_NAD83_V5_2019_EEZ,amile,-1,-1;bmile "bmile" true true false 8 Double 0 0,First,#,C:\Users\hpilorge\Documents\ArcGIS\Projects\2-2-2-map\2-2-2-map.gdb\CNW_NAD83_V5_2019_EEZ,bmile,-1,-1;length1 "length1" true true false 8 Double 0 0,First,#,C:\Users\hpilorge\Documents\ArcGIS\Projects\2-2-2-map\2-2-2-map.gdb\CNW_NAD83_V5_2019_EEZ,length1,-1,-1;length_src "length_src" true true false 80 Text 0 0,First,#,C:\Users\hpilorge\Documents\ArcGIS\Projects\2-2-2-map\2-2-2-map.gdb\CNW_NAD83_V5_2019_EEZ,length_src,0,80;shape_src "shape_src" true true false 80 Text 0 0,First,#,C:\Users\hpilorge\Documents\ArcGIS\Projects\2-2-2-map\2-2-2-map.gdb\CNW_NAD83_V5_2019_EEZ,shape_src,0,80;linktype "linktype" true true false 80 Text 0 0,First,#,C:\Users\hpilorge\Documents\ArcGIS\Projects\2-2-2-map\2-2-2-map.gdb\CNW_NAD83_V5_2019_EEZ,linktype,0,80;ctrl_depth "ctrl_depth" true true false 4 Long 0 0,First,#,C:\Users\hpilorge\Documents\ArcGIS\Projects\2-2-2-map\2-2-2-map.gdb\CNW_NAD83_V5_2019_EEZ,ctrl_depth,-1,-1;waterway "waterway" true true false 80 Text 0 0,First,#,C:\Users\hpilorge\Documents\ArcGIS\Projects\2-2-2-map\2-2-2-map.gdb\CNW_NAD83_V5_2019_EEZ,waterway,0,80;geo_class "geo_class" true true false 80 Text 0 0,First,#,C:\Users\hpilorge\Documents\ArcGIS\Projects\2-2-2-map\2-2-2-map.gdb\CNW_NAD83_V5_2019_EEZ,geo_class,0,80;func_class "func_class" true true false 80 Text 0 0,First,#,C:\Users\hpilorge\Documents\ArcGIS\Projects\2-2-2-map\2-2-2-map.gdb\CNW_NAD83_V5_2019_EEZ,func_class,0,80;wtwy_type "wtwy_type" true true false 4 Long 0 0,First,#,C:\Users\hpilorge\Documents\ArcGIS\Projects\2-2-2-map\2-2-2-map.gdb\CNW_NAD83_V5_2019_EEZ,wtwy_type,-1,-1;chart_id "chart_id" true true false 80 Text 0 0,First,#,C:\Users\hpilorge\Documents\ArcGIS\Projects\2-2-2-map\2-2-2-map.gdb\CNW_NAD83_V5_2019_EEZ,chart_id,0,80;num_pairs "num_pairs" true true false 4 Long 0 0,First,#,C:\Users\hpilorge\Documents\ArcGIS\Projects\2-2-2-map\2-2-2-map.gdb\CNW_NAD83_V5_2019_EEZ,num_pairs,-1,-1;who_mod "who_mod" true true false 80 Text 0 0,First,#,C:\Users\hpilorge\Documents\ArcGIS\Projects\2-2-2-map\2-2-2-map.gdb\CNW_NAD83_V5_2019_EEZ,who_mod,0,80;date_mod "date_mod" true true false 80 Text 0 0,First,#,C:\Users\hpilorge\Documents\ArcGIS\Projects\2-2-2-map\2-2-2-map.gdb\CNW_NAD83_V5_2019_EEZ,date_mod,0,80;heading "heading" true true false 80 Text 0 0,First,#,C:\Users\hpilorge\Documents\ArcGIS\Projects\2-2-2-map\2-2-2-map.gdb\CNW_NAD83_V5_2019_EEZ,heading,0,80;state "state" true true false 80 Text 0 0,First,#,C:\Users\hpilorge\Documents\ArcGIS\Projects\2-2-2-map\2-2-2-map.gdb\CNW_NAD83_V5_2019_EEZ,state,0,80;fips "fips" true true false 80 Text 0 0,First,#,C:\Users\hpilorge\Documents\ArcGIS\Projects\2-2-2-map\2-2-2-map.gdb\CNW_NAD83_V5_2019_EEZ,fips,0,80;fips2 "fips2" true true false 80 Text 0 0,First,#,C:\Users\hpilorge\Documents\ArcGIS\Projects\2-2-2-map\2-2-2-map.gdb\CNW_NAD83_V5_2019_EEZ,fips2,0,80;non_us "non_us" true true false 80 Text 0 0,First,#,C:\Users\hpilorge\Documents\ArcGIS\Projects\2-2-2-map\2-2-2-map.gdb\CNW_NAD83_V5_2019_EEZ,non_us,0,80;Shape_Length "Shape_Length" false true true 8 Double 0 0,First,#,C:\Users\hpilorge\Documents\ArcGIS\Projects\2-2-2-map\2-2-2-map.gdb\CNW_NAD83_V5_2019_EEZ,Shape_Length,-1,-1" #</Process></lineage><coordRef><type Sync="TRUE">Geographic</type><geogcsn Sync="TRUE">GCS_North_American_1983</geogcsn><csUnits Sync="TRUE">Angular Unit: Degree (0.017453)</csUnits><peXml Sync="TRUE">&lt;GeographicCoordinateSystem xsi:type='typens:GeographicCoordinateSystem' xmlns:xsi='http://www.w3.org/2001/XMLSchema-instance' xmlns:xs='http://www.w3.org/2001/XMLSchema' xmlns:typens='http://www.esri.com/schemas/ArcGIS/3.0.0'&gt;&lt;WKT&gt;GEOGCS[&amp;quot;GCS_North_American_1983&amp;quot;,DATUM[&amp;quot;D_North_American_1983&amp;quot;,SPHEROID[&amp;quot;GRS_1980&amp;quot;,6378137.0,298.257222101]],PRIMEM[&amp;quot;Greenwich&amp;quot;,0.0],UNIT[&amp;quot;Degree&amp;quot;,0.0174532925199433],AUTHORITY[&amp;quot;EPSG&amp;quot;,4269]]&lt;/WKT&gt;&lt;XOrigin&gt;-400&lt;/XOrigin&gt;&lt;YOrigin&gt;-400&lt;/YOrigin&gt;&lt;XYScale&gt;11258999068426.238&lt;/XYScale&gt;&lt;ZOrigin&gt;-100000&lt;/ZOrigin&gt;&lt;ZScale&gt;10000&lt;/ZScale&gt;&lt;MOrigin&gt;-100000&lt;/MOrigin&gt;&lt;MScale&gt;10000&lt;/MScale&gt;&lt;XYTolerance&gt;8.983152841195215e-09&lt;/XYTolerance&gt;&lt;ZTolerance&gt;0.001&lt;/ZTolerance&gt;&lt;MTolerance&gt;0.001&lt;/MTolerance&gt;&lt;HighPrecision&gt;true&lt;/HighPrecision&gt;&lt;LeftLongitude&gt;-180&lt;/LeftLongitude&gt;&lt;WKID&gt;4269&lt;/WKID&gt;&lt;LatestWKID&gt;4269&lt;/LatestWKID&gt;&lt;/GeographicCoordinateSystem&gt;</peXml></coordRef></DataProperties><SyncDate>20231130</SyncDate><SyncTime>17571700</SyncTime><ModDate>20231130</ModDate><ModTime>17571700</ModTime><ArcGISstyle>FGDC CSDGM Metadata</ArcGISstyle><scaleRange><minScale>150000000</minScale><maxScale>5000</maxScale></scaleRange><ArcGISProfile>FGDC</ArcGISProfile></Esri><dataIdInfo><envirDesc Sync="TRUE">Microsoft Windows 10 Version 10.0 (Build 19045) ; Esri ArcGIS 13.0.0.36056</envirDesc><dataLang><languageCode value="eng" Sync="TRUE"/><countryCode value="USA" Sync="TRUE"/></dataLang><idCitation xmlns=""><resTitle Sync="FALSE">Commercially Navigable Waterways, Version 5</resTitle><presForm xmlns=""><PresFormCd value="005" Sync="TRUE"/></presForm><citRespParty xmlns=""><editorSource>external</editorSource><editorDigest>479cdc3934f49c3537d2f49ea3d1be36</editorDigest><rpOrgName>U.S. Department of Transportation (DOT), Pipeline and Hazardous Materials Safety Administration (PHMSA)</rpOrgName><rpCntInfo xmlns=""><cntAddress addressType="both"><delPoint>1200 New Jersey Ave., S.E.</delPoint><city>Washington</city><adminArea>DC</adminArea><postCode>20590</postCode></cntAddress><cntPhone><voiceNum tddtty="">202-366-0667</voiceNum></cntPhone></rpCntInfo><editorSave>True</editorSave><displayName>U.S. Department of Transportation (DOT), Pipeline and Hazardous Materials Safety Administration (PHMSA)</displayName><role><RoleCd value="005"/></role></citRespParty><date><pubDate>2019-12-01T00:00:00</pubDate></date><citRespParty xmlns=""><rpOrgName>U.S. Army Corps of Engineers, Navigational Data Center, Waterborne Commerce Statistics Center</rpOrgName><rpPosName>NDC WCSC Webmaster</rpPosName><role><RoleCd value="006"/></role><rpCntInfo xmlns=""><cntAddress addressType="postal"><delPoint>P.O. Box 61280</delPoint><city>New Orleans</city><adminArea>LA</adminArea><postCode>70161-1280</postCode><eMailAdd>CEIWR-NDCWCSC.WEBMASTER@usace.army.mil</eMailAdd><country>US</country></cntAddress><cntPhone><voiceNum tddtty="">504-862-1453</voiceNum><faxNum>504-862-1423</faxNum></cntPhone></rpCntInfo></citRespParty><citRespParty xmlns=""><rpIndName>Leigha Gooding</rpIndName><rpOrgName>U.S. Department of Transportation, Pipeline and Hazardous Materials Safety Administration</rpOrgName><rpPosName>GIS Manager</rpPosName><role><RoleCd value="007"/></role><rpCntInfo xmlns=""><cntAddress addressType="both"><delPoint>U.S. Department of Transportation, Pipeline and Hazardous Materials Safety Administration, East Building, 2nd floor, 1200 New Jersey Ave., SE</delPoint><city>Washington</city><adminArea>DC</adminArea><postCode>20590</postCode><eMailAdd>leigha.gooding@dot.gov</eMailAdd><country>US</country></cntAddress><cntPhone><voiceNum tddtty="">202-366-0667</voiceNum></cntPhone></rpCntInfo></citRespParty><citRespParty xmlns=""><rpIndName>Nathaniel Thompson</rpIndName><rpOrgName>U.S. Department of Transportation, Pipeline and Hazardous Materials Safety Administration</rpOrgName><rpPosName>GIS Coordinator</rpPosName><role><RoleCd value="007"/></role><rpCntInfo xmlns=""><cntAddress addressType="postal"><delPoint>U.S. Department of Transportation, Pipeline and Hazardous Materials Safety Administration, East Building, 2nd floor, 1200 New Jersey Ave., SE</delPoint><city>Washington</city><adminArea>DC</adminArea><postCode>20590</postCode><eMailAdd>nathaniel.thompson@dot.gov</eMailAdd><country>US</country></cntAddress><cntPhone><voiceNum tddtty="">202-843-3818</voiceNum></cntPhone></rpCntInfo></citRespParty></idCitation><spatRpType><SpatRepTypCd value="001" Sync="TRUE"/></spatRpType><dataExt xmlns=""><geoEle xmlns=""><GeoBndBox esriExtentType="search"><exTypeCode Sync="TRUE">1</exTypeCode><westBL Sync="TRUE">-179.803392</westBL><eastBL Sync="TRUE">178.232761</eastBL><northBL Sync="TRUE">72.199720</northBL><southBL Sync="TRUE">-55.905191</southBL></GeoBndBox></geoEle><exDesc>publication date</exDesc><tempEle><TempExtent><exTemp><TM_Period xmlns=""><tmEnd>2019-12-01T00:00:00</tmEnd></TM_Period></exTemp></TempExtent></tempEle></dataExt><idPurp>The CNW data set is a geographic database of commercially navigable waterways in and around the United States as defined in the Office of Pipeline Safety “Pipeline Integrity Management in High Consequence Areas” rulemaking for hazardous liquid operators.</idPurp><idAbs>&lt;DIV STYLE="text-align:Left;"&gt;&lt;P STYLE="margin:0 0 11 0;"&gt;&lt;SPAN&gt;&lt;SPAN&gt;Commercially Navigable Waterways (CNWs) are considered High Consequence Areas (HCA) as defined in &lt;/SPAN&gt;&lt;/SPAN&gt;&lt;SPAN&gt;&lt;SPAN&gt;49 CFR § 195.450. &lt;/SPAN&gt;&lt;/SPAN&gt;&lt;SPAN&gt;&lt;SPAN&gt; The CNW data is a subset of the National Waterway Network (NWN) as distributed by the US Army Corps of Engineers (available for download at https://usace.contentdm.oclc.org/digital/collection/p16021coll2/id/3799. Lines in the NWN with FUNC_CLASS equal to S, B, or D were extracted from the NWN and are considered by PHMSA to be commercially navigable. The data set covers the 48 contiguous states plus the District of Columbia, Hawaii, Alaska, Puerto Rico and water links between. The nominal scale of the dataset varies with the source material. The majority of the information is at 1:100,000 with larger scales used in harbor/bay/port areas and smaller scales used in open waters.&lt;/SPAN&gt;&lt;/SPAN&gt;&lt;/P&gt;&lt;P STYLE="margin:0 0 11 0;"&gt;&lt;SPAN&gt;HCAs are defined in 49 CFR § 195.450. This dataset is one resource available to assist operators with identifying locations that meet the regulatory definition of an HCA. If a location meets the regulatory definition of an HCA but it is not mapped in the HCA data currently available from PHMSA, that location is still an HCA. Operators must continually assess the locations in which their lines are located, to include reference to NPMS as one avenue to obtain data but not the sole avenue, to determine if they are in or could affect an HCA.&lt;/SPAN&gt;&lt;/P&gt;&lt;DIV&gt;&lt;DIV&gt;&lt;P&gt;&lt;SPAN /&gt;&lt;/P&gt;&lt;/DIV&gt;&lt;/DIV&gt;&lt;/DIV&gt;</idAbs><dataChar><CharSetCd value="004"/></dataChar><suppInfo>Links in the waterway network represent actual shipping lanes or serve as representative paths in open water where no defined shipping lanes exist.</suppInfo><idStatus><ProgCd value="004"/></idStatus><resMaint xmlns=""><maintFreq><MaintFreqCd value="007"/></maintFreq><usrDefFreq><duration>Every 2 years based on current NWN </duration></usrDefFreq></resMaint><themeKeys xmlns=""><keyword>commercially navigable waterway</keyword></themeKeys><themeKeys xmlns=""><keyword>CNW</keyword></themeKeys><placeKeys xmlns=""><keyword>USA</keyword><keyword>United States</keyword><keyword>Puerto Rico</keyword><keyword>Gulf of Mexico</keyword><keyword>Great Lakes</keyword><keyword>Intracoastal Waterway</keyword></placeKeys><tempKeys xmlns=""><keyword>2019</keyword></tempKeys><resConst><Consts><useLimit>&lt;DIV STYLE="text-align:Left;"&gt;&lt;DIV&gt;&lt;DIV&gt;&lt;P&gt;&lt;SPAN&gt;None&lt;/SPAN&gt;&lt;/P&gt;&lt;/DIV&gt;&lt;/DIV&gt;&lt;/DIV&gt;</useLimit></Consts></resConst><idPoC xmlns=""><rpOrgName>U.S. Army Corps of Engineers, Navigational Data Center, Waterborne Commerce Statistics Center</rpOrgName><rpPosName>NDC WCSC Webmaster</rpPosName><role><RoleCd value="006"/></role><rpCntInfo xmlns=""><cntAddress addressType="postal"><delPoint>P.O. Box 61280</delPoint><city>New Orleans</city><adminArea>LA</adminArea><postCode>70161-1280</postCode><eMailAdd>CEIWR-NDCWCSC.WEBMASTER@usace.army.mil</eMailAdd><country>US</country></cntAddress><cntPhone><voiceNum tddtty="">504-862-1453</voiceNum><faxNum>504-862-1423</faxNum></cntPhone></rpCntInfo><displayName>U.S. Army Corps of Engineers, Navigational Data Center, Waterborne Commerce Statistics Center</displayName></idPoC><idPoC xmlns=""><editorSource>external</editorSource><editorDigest>479cdc3934f49c3537d2f49ea3d1be36</editorDigest><rpOrgName>U.S. Department of Transportation (DOT), Pipeline and Hazardous Materials Safety Administration (PHMSA)</rpOrgName><rpCntInfo xmlns=""><cntAddress addressType="both"><delPoint>1200 New Jersey Ave., S.E.</delPoint><city>Washington</city><adminArea>DC</adminArea><postCode>20590</postCode></cntAddress><cntPhone><voiceNum tddtty="">202-366-0667</voiceNum></cntPhone></rpCntInfo><editorSave>True</editorSave><displayName>U.S. Department of Transportation (DOT), Pipeline and Hazardous Materials Safety Administration (PHMSA)</displayName><role><RoleCd value="005"/></role></idPoC><idPoC xmlns=""><rpIndName>Leigha Gooding</rpIndName><rpOrgName>U.S. Department of Transportation, Pipeline and Hazardous Materials Safety Administration</rpOrgName><rpPosName>GIS Manager</rpPosName><role><RoleCd value="007"/></role><rpCntInfo xmlns=""><cntAddress addressType="both"><delPoint>U.S. Department of Transportation, Pipeline and Hazardous Materials Safety Administration, East Building, 2nd floor, 1200 New Jersey Ave., SE</delPoint><city>Washington</city><adminArea>DC</adminArea><postCode>20590</postCode><eMailAdd>leigha.gooding@dot.gov</eMailAdd><country>US</country></cntAddress><cntPhone><voiceNum tddtty="">202-366-0667</voiceNum></cntPhone></rpCntInfo><displayName>Leigha Gooding</displayName></idPoC><idPoC xmlns=""><rpIndName>Nathaniel Thompson</rpIndName><rpOrgName>U.S. Department of Transportation, Pipeline and Hazardous Materials Safety Administration</rpOrgName><rpPosName>GIS Coordinator</rpPosName><role><RoleCd value="007"/></role><rpCntInfo xmlns=""><cntAddress addressType="postal"><delPoint>U.S. Department of Transportation, Pipeline and Hazardous Materials Safety Administration, East Building, 2nd floor, 1200 New Jersey Ave., SE</delPoint><city>Washington</city><adminArea>DC</adminArea><postCode>20590</postCode><eMailAdd>nathaniel.thompson@dot.gov</eMailAdd><country>US</country></cntAddress><cntPhone><voiceNum tddtty="">202-843-3818</voiceNum></cntPhone></rpCntInfo><displayName>Nathaniel Thompson</displayName></idPoC><idCredit>The Commercially Navigable Waterways (CNW) dataset was derived from the National Waterway Network (NWN). The NWN databases were developed by Oak Ridge National Laboratory (ORNL) and Vanderbilt University, with input from the National Waterway GIS Design Committee (NWGISDC). The NWGISDC contains members from several agencies, including the U.S. Army Corps of Engineers (USACE), USDOT Bureau of Transportation Statistics (BTS), Volpe National Transportation Systems Center (VNTSC), Maritime Administration (MARAD), Military Traffic Management Command (MTMC), Tennessee Valley Authority (TVA), U.S. Environmental Protection Agency (EPA), U.S. Bureau of Census, U.S. Coast Guard, and the Federal Railroad Administration (FRA).</idCredit></dataIdInfo><mdLang><languageCode value="eng" Sync="TRUE"/><countryCode value="USA" Sync="TRUE"/></mdLang><mdChar><CharSetCd value="004" Sync="TRUE"/></mdChar><distInfo xmlns=""><distFormat xmlns=""><formatName Sync="TRUE">Shapefile</formatName></distFormat><distTranOps xmlns=""><transSize Sync="TRUE">0.000</transSize></distTranOps></distInfo><mdHrLv><ScopeCd value="005" Sync="TRUE"/></mdHrLv><mdHrLvName Sync="TRUE">dataset</mdHrLvName><refSysInfo><RefSystem><refSysID><identCode code="4269" Sync="TRUE"/><idCodeSpace Sync="TRUE">EPSG</idCodeSpace><idVersion Sync="TRUE">6.5(3.0.1)</idVersion></refSysID></RefSystem></refSysInfo><spatRepInfo><VectSpatRep><geometObjs Name="CNW_NAD83_V5_2019_EEZ"><geoObjTyp><GeoObjTypCd value="002" Sync="TRUE"></GeoObjTypCd></geoObjTyp><geoObjCnt Sync="TRUE">0</geoObjCnt></geometObjs><topLvl><TopoLevCd value="001" Sync="TRUE"></TopoLevCd></topLvl></VectSpatRep></spatRepInfo><spdoinfo><ptvctinf><esriterm Name="CNW_NAD83_V5_2019_EEZ"><efeatyp Sync="TRUE">Simple</efeatyp><efeageom code="3" Sync="TRUE"></efeageom><esritopo Sync="TRUE">FALSE</esritopo><efeacnt Sync="TRUE">0</efeacnt><spindex Sync="TRUE">FALSE</spindex><linrefer Sync="TRUE">FALSE</linrefer></esriterm></ptvctinf></spdoinfo><eainfo><detailed Name="CNW_NAD83_V5_2019_EEZ" xmlns=""><enttyp><enttypl Sync="TRUE">CNW_NAD83_V5_2019_EEZ</enttypl><enttypt Sync="TRUE">Feature Class</enttypt><enttypc Sync="TRUE">0</enttypc><enttypd>National Waterway Network (line)</enttypd><enttypds>USACE</enttypds></enttyp><attr><attrlabl Sync="TRUE">FID</attrlabl><attalias Sync="TRUE">FID</attalias><attrtype Sync="TRUE">OID</attrtype><attwidth Sync="TRUE">4</attwidth><atprecis Sync="TRUE">0</atprecis><attscale Sync="TRUE">0</attscale><attrdef Sync="TRUE">Internal feature number.</attrdef><attrdefs Sync="TRUE">Esri</attrdefs><attrdomv><udom Sync="TRUE">Sequential unique whole numbers that are automatically generated.</udom></attrdomv></attr><attr xmlns=""><attrlabl Sync="TRUE">Shape</attrlabl><attalias Sync="TRUE">Shape</attalias><attrtype Sync="TRUE">Geometry</attrtype><attwidth Sync="TRUE">0</attwidth><atprecis Sync="TRUE">0</atprecis><attscale Sync="TRUE">0</attscale><attrdef Sync="TRUE">Feature geometry.</attrdef><attrdefs Sync="TRUE">Esri</attrdefs><attrdomv><udom Sync="TRUE">Coordinates defining the features.</udom></attrdomv><attrdomv><edom xmlns=""><edomv>Polyline</edomv><edomvd>Polylinear shapes as defined by ArcView</edomvd><edomvds>ArcView Internal Attribute</edomvds></edom></attrdomv></attr><attr xmlns=""><attrlabl Sync="TRUE">objectid</attrlabl><attalias Sync="TRUE">objectid</attalias><attrtype Sync="TRUE">Integer</attrtype><attwidth Sync="TRUE">10</attwidth><atprecis Sync="TRUE">10</atprecis><attscale Sync="TRUE">0</attscale><attrdef>Internal feature number.</attrdef><attrdefs>ESRI</attrdefs><attrdomv><udom>Sequential unique whole numbers that are automatically generated.</udom></attrdomv></attr><attr xmlns=""><attrlabl Sync="TRUE">id</attrlabl><attalias Sync="TRUE">id</attalias><attrtype Sync="TRUE">Integer</attrtype><attwidth Sync="TRUE">10</attwidth><atprecis Sync="TRUE">10</atprecis><attscale Sync="TRUE">0</attscale><attrdef>Unique Link identification number</attrdef><attrdefs>USACE</attrdefs><attrdomv><udom>Sequential unique whole numbers that are automatically generated.</udom></attrdomv></attr><attr xmlns=""><attrlabl Sync="TRUE">length</attrlabl><attalias Sync="TRUE">length</attalias><attrtype Sync="TRUE">Double</attrtype><attwidth Sync="TRUE">19</attwidth><atprecis Sync="TRUE">0</atprecis><attscale Sync="TRUE">0</attscale><attrdef>Link length in Miles</attrdef><attrdefs>USACE</attrdefs><attrdomv><edom xmlns=""><edomv>Real</edomv><edomvd>With one explicit decimal place</edomvd><edomvds>Calculated</edomvds></edom></attrdomv></attr><attr xmlns=""><attrlabl Sync="TRUE">dir</attrlabl><attalias Sync="TRUE">dir</attalias><attrtype Sync="TRUE">Integer</attrtype><attwidth Sync="TRUE">10</attwidth><atprecis Sync="TRUE">10</atprecis><attscale Sync="TRUE">0</attscale><attrdef>Check with USACE</attrdef><attrdefs>USACE</attrdefs><attrdomv><udom>Numeric</udom></attrdomv></attr><attr xmlns=""><attrlabl Sync="TRUE">linknum</attrlabl><attalias Sync="TRUE">linknum</attalias><attrtype Sync="TRUE">Integer</attrtype><attwidth Sync="TRUE">10</attwidth><atprecis Sync="TRUE">10</atprecis><attscale Sync="TRUE">0</attscale><attrdef>Unique Identifier</attrdef><attrdefs>USACE</attrdefs><attrdomv><udom>Numeric</udom></attrdomv></attr><attr xmlns=""><attrlabl Sync="TRUE">anode</attrlabl><attalias Sync="TRUE">anode</attalias><attrtype Sync="TRUE">Integer</attrtype><attwidth Sync="TRUE">10</attwidth><atprecis Sync="TRUE">10</atprecis><attscale Sync="TRUE">0</attscale><attrdef>Identifies a record (NODEID) in the node file that corresponds to the starting position of the link</attrdef><attrdefs>USACE</attrdefs><attrdomv><udom>Positive integer</udom></attrdomv></attr><attr xmlns=""><attrlabl Sync="TRUE">bnode</attrlabl><attalias Sync="TRUE">bnode</attalias><attrtype Sync="TRUE">Integer</attrtype><attwidth Sync="TRUE">10</attwidth><atprecis Sync="TRUE">10</atprecis><attscale Sync="TRUE">0</attscale><attrdef>Identifies a record (NODEID) in the node file that corresponds to the ending position of the link</attrdef><attrdefs>USACE</attrdefs><attrdomv><udom>Positive integer</udom></attrdomv></attr><attr xmlns=""><attrlabl Sync="TRUE">linkname</attrlabl><attalias Sync="TRUE">linkname</attalias><attrtype Sync="TRUE">String</attrtype><attwidth Sync="TRUE">80</attwidth><atprecis Sync="TRUE">0</atprecis><attscale Sync="TRUE">0</attscale><attrdef>USACE link description</attrdef><attrdefs>USACE</attrdefs><attrdomv><udom>Description</udom></attrdomv></attr><attr xmlns=""><attrlabl Sync="TRUE">rivername</attrlabl><attalias Sync="TRUE">rivername</attalias><attrtype Sync="TRUE">String</attrtype><attwidth Sync="TRUE">80</attwidth><atprecis Sync="TRUE">0</atprecis><attscale Sync="TRUE">0</attscale><attrdef>Name of the waterway/water body that the object belongs to.</attrdef><attrdefs>USACE</attrdefs><attrdomv><udom>Description</udom></attrdomv></attr><attr xmlns=""><attrlabl Sync="TRUE">amile</attrlabl><attalias Sync="TRUE">amile</attalias><attrtype Sync="TRUE">Double</attrtype><attwidth Sync="TRUE">19</attwidth><atprecis Sync="TRUE">0</atprecis><attscale Sync="TRUE">0</attscale><attrdef>Milepost at the ANODE, inland Corps links, only</attrdef><attrdefs>USACE</attrdefs><attrdomv><udom>real, with one explicit decimal place</udom></attrdomv></attr><attr xmlns=""><attrlabl Sync="TRUE">bmile</attrlabl><attalias Sync="TRUE">bmile</attalias><attrtype Sync="TRUE">Double</attrtype><attwidth Sync="TRUE">19</attwidth><atprecis Sync="TRUE">0</atprecis><attscale Sync="TRUE">0</attscale><attrdef>Milepost at the BNODE, inland Corps links, only</attrdef><attrdefs>USACE</attrdefs><attrdomv><udom>real, with one explicit decimal place</udom></attrdomv></attr><attr xmlns=""><attrlabl Sync="TRUE">length1</attrlabl><attalias Sync="TRUE">length1</attalias><attrtype Sync="TRUE">Double</attrtype><attwidth Sync="TRUE">19</attwidth><atprecis Sync="TRUE">0</atprecis><attscale Sync="TRUE">0</attscale><attrdef>Line length, in miles</attrdef><attrdefs>USACE</attrdefs><attrdomv><udom>real, with one explicit decimal place</udom></attrdomv></attr><attr xmlns=""><attrlabl Sync="TRUE">length_src</attrlabl><attalias Sync="TRUE">length_src</attalias><attrtype Sync="TRUE">String</attrtype><attwidth Sync="TRUE">80</attwidth><atprecis Sync="TRUE">0</atprecis><attscale Sync="TRUE">0</attscale><attrdef>Indication of how the length was calculated</attrdef><attrdefs>USACE</attrdefs><attrdomv><edom xmlns=""><edomv>V</edomv><edomvd>Vanderbilt; length was calculated using GIS </edomvd><edomvds>USACE</edomvds></edom><edom xmlns=""><edomv>M</edomv><edomvd>Milepoints; length was calculated by subtracting 'B' milepoint from 'A' milepoint</edomvd><edomvds>USACE</edomvds></edom></attrdomv></attr><attr xmlns=""><attrlabl Sync="TRUE">shape_src</attrlabl><attalias Sync="TRUE">shape_src</attalias><attrtype Sync="TRUE">String</attrtype><attwidth Sync="TRUE">80</attwidth><atprecis Sync="TRUE">0</atprecis><attscale Sync="TRUE">0</attscale><attrdef>Indicates the data source used for each link</attrdef><attrdefs>USACE</attrdefs><attrdomv><edom xmlns=""><edomv>CM</edomv><edomvd>Corps Milepoints</edomvd><edomvds>USACE</edomvds></edom><edom xmlns=""><edomv>DD</edomv><edomvd>1:100K DLGs (CD-ROM)</edomvd><edomvds>USACE</edomvds></edom><edom xmlns=""><edomv>DN</edomv><edomvd>Digitized from NOAA Charts</edomvd><edomvds>USACE</edomvds></edom><edom xmlns=""><edomv>DQ</edomv><edomvd>1:100K USGS Quads</edomvd><edomvds>USACE</edomvds></edom><edom xmlns=""><edomv>J</edomv><edomvd>Rough shape (guessed)</edomvd><edomvds>USACE</edomvds></edom><edom xmlns=""><edomv>JR</edomv><edomvd>Original shape modified by ORNL</edomvd><edomvds>USACE</edomvds></edom><edom xmlns=""><edomv>JV</edomv><edomvd>Original shape modified by Vanderbilt</edomvd><edomvds>USACE</edomvds></edom><edom xmlns=""><edomv>M</edomv><edomvd>Missing / Unknown</edomvd><edomvds>USACE</edomvds></edom><edom xmlns=""><edomv>NA</edomv><edomvd>Digitized from 1:2M National Atlas Points</edomvd><edomvds>USACE</edomvds></edom><edom xmlns=""><edomv>RR</edomv><edomvd>ORNL link modified by ORNL</edomvd><edomvds>USACE</edomvds></edom><edom xmlns=""><edomv>RV</edomv><edomvd>ORNL link modified by Vanderbilt</edomvd><edomvds>USACE</edomvds></edom><edom xmlns=""><edomv>VR</edomv><edomvd>Vanderbilt link modified by ORNL</edomvd><edomvds>USACE</edomvds></edom></attrdomv></attr><attr xmlns=""><attrlabl Sync="TRUE">linktype</attrlabl><attalias Sync="TRUE">linktype</attalias><attrtype Sync="TRUE">String</attrtype><attwidth Sync="TRUE">80</attwidth><atprecis Sync="TRUE">0</atprecis><attscale Sync="TRUE">0</attscale><attrdef>Indicates the originator of the link or the type of feature represented by the link</attrdef><attrdefs>USACE</attrdefs><attrdomv><edom xmlns=""><edomv>CORPS</edomv><edomvd>Corps of Engineers original link</edomvd><edomvds>USACE</edomvds></edom><edom xmlns=""><edomv>CWIS</edomv><edomvd>Corps of Engineers civil works improvement addition</edomvd><edomvds>USACE</edomvds></edom><edom xmlns=""><edomv>ORNL</edomv><edomvd>Oak Ridge National Laboratory</edomvd><edomvds>USACE</edomvds></edom><edom xmlns=""><edomv>VANDERBILT</edomv><edomvd>Vanderbilt University</edomvd><edomvds>USACE</edomvds></edom><edom xmlns=""><edomv>LOCK</edomv><edomvd>Corps of Engineers lock</edomvd><edomvds>USACE</edomvds></edom></attrdomv></attr><attr xmlns=""><attrlabl Sync="TRUE">ctrl_depth</attrlabl><attalias Sync="TRUE">ctrl_depth</attalias><attrtype Sync="TRUE">Integer</attrtype><attwidth Sync="TRUE">10</attwidth><atprecis Sync="TRUE">10</atprecis><attscale Sync="TRUE">0</attscale><attrdef>Control depth of link, in feet, Corps links only</attrdef><attrdefs>USACE</attrdefs><attrdomv><udom>Measured Value</udom></attrdomv></attr><attr xmlns=""><attrlabl Sync="TRUE">waterway</attrlabl><attalias Sync="TRUE">waterway</attalias><attrtype Sync="TRUE">String</attrtype><attwidth Sync="TRUE">80</attwidth><atprecis Sync="TRUE">0</atprecis><attscale Sync="TRUE">0</attscale><attrdef>4-digit waterway code from Corps Master_port_waterway</attrdef><attrdefs>USACE</attrdefs><attrdomv><codesetd xmlns=""><codesetn>Corps Master_port_waterway</codesetn><codesets>USACE</codesets></codesetd></attrdomv></attr><attr xmlns=""><attrlabl Sync="TRUE">geo_class</attrlabl><attalias Sync="TRUE">geo_class</attalias><attrtype Sync="TRUE">String</attrtype><attwidth Sync="TRUE">80</attwidth><atprecis Sync="TRUE">0</atprecis><attscale Sync="TRUE">0</attscale><attrdef>Geographic Class</attrdef><attrdefs>USACE</attrdefs><attrdomv><edom xmlns=""><edomv>G</edomv><edomvd>Great Lakes</edomvd><edomvds>USACE</edomvds></edom><edom xmlns=""><edomv>O</edomv><edomvd>Ocean / Offshore</edomvd><edomvds>USACE</edomvds></edom><edom xmlns=""><edomv>I</edomv><edomvd>Inland</edomvd><edomvds>USACE</edomvds></edom></attrdomv></attr><attr xmlns=""><attrlabl Sync="TRUE">func_class</attrlabl><attalias Sync="TRUE">func_class</attalias><attrtype Sync="TRUE">String</attrtype><attwidth Sync="TRUE">80</attwidth><atprecis Sync="TRUE">0</atprecis><attscale Sync="TRUE">0</attscale><attrdef>Functional Class</attrdef><attrdefs>USACE</attrdefs><attrdomv><edom xmlns=""><edomv>S</edomv><edomvd>shallow draft (i.e., no deep draft ocean vessels)</edomvd><edomvds>USACE</edomvds></edom><edom xmlns=""><edomv>D</edomv><edomvd>deep draft</edomvd><edomvds>USACE</edomvds></edom><edom xmlns=""><edomv>B</edomv><edomvd>Both</edomvd><edomvds>USACE</edomvds></edom></attrdomv></attr><attr xmlns=""><attrlabl Sync="TRUE">wtwy_type</attrlabl><attalias Sync="TRUE">wtwy_type</attalias><attrtype Sync="TRUE">Integer</attrtype><attwidth Sync="TRUE">10</attwidth><atprecis Sync="TRUE">10</atprecis><attscale Sync="TRUE">0</attscale><attrdef>Waterway Type</attrdef><attrdefs>USACE</attrdefs><attrdomv><edom xmlns=""><edomv>1</edomv><edomvd>Harbor (including harbor channels), Bay</edomvd><edomvds>USACE</edomvds></edom><edom xmlns=""><edomv>2</edomv><edomvd>Intracoastal Waterway</edomvd><edomvds>USACE</edomvds></edom><edom xmlns=""><edomv>3</edomv><edomvd>Sealane</edomvd><edomvds>USACE</edomvds></edom><edom xmlns=""><edomv>4</edomv><edomvd>Sealane with separation zone</edomvd><edomvds>USACE</edomvds></edom><edom xmlns=""><edomv>5</edomv><edomvd>Open water</edomvd><edomvds>USACE</edomvds></edom><edom xmlns=""><edomv>6</edomv><edomvd>River, creek, thoroughfare, lake</edomvd><edomvds>USACE</edomvds></edom><edom xmlns=""><edomv>7</edomv><edomvd>Estuary</edomvd><edomvds>USACE</edomvds></edom><edom xmlns=""><edomv>8</edomv><edomvd>Channel (not including harbor channels)</edomvd><edomvds>USACE</edomvds></edom><edom xmlns=""><edomv>9</edomv><edomvd>Canal</edomvd><edomvds>USACE</edomvds></edom><edom xmlns=""><edomv>10</edomv><edomvd>Great Lakes direct link (major ports)</edomvd><edomvds>USACE</edomvds></edom><edom xmlns=""><edomv>11</edomv><edomvd>Great Lakes indirect link</edomvd><edomvds>USACE</edomvds></edom><edom xmlns=""><edomv>12</edomv><edomvd>Corps of Engineers Lock</edomvd><edomvds>USACE</edomvds></edom></attrdomv></attr><attr xmlns=""><attrlabl Sync="TRUE">chart_id</attrlabl><attalias Sync="TRUE">chart_id</attalias><attrtype Sync="TRUE">String</attrtype><attwidth Sync="TRUE">80</attwidth><atprecis Sync="TRUE">0</atprecis><attscale Sync="TRUE">0</attscale><attrdef>4 or 5 digit NOAA chart number or 15 character 1:100K USGS Quad Map ID</attrdef><attrdefs>NOAA</attrdefs><attrdomv><codesetd xmlns=""><codesetn>Official NOAA Chart Index</codesetn><codesets>NOAA</codesets></codesetd></attrdomv></attr><attr xmlns=""><attrlabl Sync="TRUE">num_pairs</attrlabl><attalias Sync="TRUE">num_pairs</attalias><attrtype Sync="TRUE">Integer</attrtype><attwidth Sync="TRUE">10</attwidth><atprecis Sync="TRUE">10</atprecis><attscale Sync="TRUE">0</attscale><attrdef>Number of coordinate pairs that make up the link</attrdef><attrdefs>USACE</attrdefs><attrdomv><udom>Calculated Value</udom></attrdomv></attr><attr xmlns=""><attrlabl Sync="TRUE">who_mod</attrlabl><attalias Sync="TRUE">who_mod</attalias><attrtype Sync="TRUE">String</attrtype><attwidth Sync="TRUE">80</attwidth><atprecis Sync="TRUE">0</atprecis><attscale Sync="TRUE">0</attscale><attrdef>Composite code designating what organization modified the link</attrdef><attrdefs>USACE</attrdefs><attrdomv><edom xmlns=""><edomv>V</edomv><edomvd>Vanderbilt addition</edomvd><edomvds>USACE</edomvds></edom><edom xmlns=""><edomv>R</edomv><edomvd>Oak Ridge addition</edomvd><edomvds>USACE</edomvds></edom><edom xmlns=""><edomv>J</edomv><edomvd>guessed</edomvd><edomvds>USACE</edomvds></edom><edom xmlns=""><edomv>H</edomv><edomvd>screen digitization from DLGs or TIGER</edomvd><edomvds>USACE</edomvds></edom><edom xmlns=""><edomv>1</edomv><edomvd>94 May</edomvd><edomvds>USACE</edomvds></edom><edom xmlns=""><edomv>2</edomv><edomvd>94 June</edomvd><edomvds>USACE</edomvds></edom><edom xmlns=""><edomv>R</edomv><edomvd>attributes modified by ORNL</edomvd><edomvds>USACE</edomvds></edom></attrdomv></attr><attr xmlns=""><attrlabl Sync="TRUE">date_mod</attrlabl><attalias Sync="TRUE">date_mod</attalias><attrtype Sync="TRUE">String</attrtype><attwidth Sync="TRUE">80</attwidth><atprecis Sync="TRUE">0</atprecis><attscale Sync="TRUE">0</attscale><attrdef>The MODDATE (or modification date) indicates when each record in the database was last changed. As changes are made to a record, the modification date is entered in the format 'mmddyyyy'.</attrdef><attrdefs>USACE</attrdefs><attrdomv><udom>Date Value</udom></attrdomv></attr><attr xmlns=""><attrlabl Sync="TRUE">heading</attrlabl><attalias Sync="TRUE">heading</attalias><attrtype Sync="TRUE">String</attrtype><attwidth Sync="TRUE">80</attwidth><atprecis Sync="TRUE">0</atprecis><attscale Sync="TRUE">0</attscale><attrdef>Compass Direction</attrdef><attrdefs>USACE</attrdefs><attrdomv><edom xmlns=""><edomv>N</edomv><edomvd>North</edomvd><edomvds>USACE</edomvds></edom><edom xmlns=""><edomv>S</edomv><edomvd>South</edomvd><edomvds>USACE</edomvds></edom><edom xmlns=""><edomv>E</edomv><edomvd>East</edomvd><edomvds>USACE</edomvds></edom><edom xmlns=""><edomv>W</edomv><edomvd>West</edomvd><edomvds>USACE</edomvds></edom></attrdomv></attr><attr xmlns=""><attrlabl Sync="TRUE">state</attrlabl><attalias Sync="TRUE">state</attalias><attrtype Sync="TRUE">String</attrtype><attwidth Sync="TRUE">80</attwidth><atprecis Sync="TRUE">0</atprecis><attscale Sync="TRUE">0</attscale><attrdef>State Postal Abbreviation</attrdef><attrdefs>USACE</attrdefs><attrdomv><codesetd xmlns=""><codesetn>Offical List of State Postal Abbreviations</codesetn><codesets>USACE</codesets></codesetd></attrdomv></attr><attr xmlns=""><attrlabl Sync="TRUE">fips</attrlabl><attalias Sync="TRUE">fips</attalias><attrtype Sync="TRUE">String</attrtype><attwidth Sync="TRUE">80</attwidth><atprecis Sync="TRUE">0</atprecis><attscale Sync="TRUE">0</attscale><attrdef>Primary State FIPS Code</attrdef><attrdefs>USACE</attrdefs><attrdomv><codesetd xmlns=""><codesetn>Federal Information Processing Standard- FIPS Pub 6-4</codesetn><codesets>National Institute for Standards and Technology (NIST)</codesets></codesetd></attrdomv></attr><attr xmlns=""><attrlabl Sync="TRUE">fips2</attrlabl><attalias Sync="TRUE">fips2</attalias><attrtype Sync="TRUE">String</attrtype><attwidth Sync="TRUE">80</attwidth><atprecis Sync="TRUE">0</atprecis><attscale Sync="TRUE">0</attscale><attrdef>State FIPS Code</attrdef><attrdefs>USACE</attrdefs><attrdomv><codesetd xmlns=""><codesetn>Federal Information Processing Standard- FIPS Pub 6-4</codesetn><codesets>National Institute for Standards and Technology (NIST)</codesets></codesetd></attrdomv></attr><attr xmlns=""><attrlabl Sync="TRUE">non_us</attrlabl><attalias Sync="TRUE">non_us</attalias><attrtype Sync="TRUE">String</attrtype><attwidth Sync="TRUE">80</attwidth><atprecis Sync="TRUE">0</atprecis><attscale Sync="TRUE">0</attscale><attrdef>Abbreviation for non-US areas</attrdef><attrdefs>USACE</attrdefs><attrdomv><edom xmlns=""><edomv>AC</edomv><edomvd>Arctic Ocean</edomvd><edomvds>USACE</edomvds></edom><edom xmlns=""><edomv>AT</edomv><edomvd>Atlantic Ocean</edomvd><edomvds>USACE</edomvds></edom><edom xmlns=""><edomv>BS</edomv><edomvd>Bering Sea</edomvd><edomvds>USACE</edomvds></edom><edom xmlns=""><edomv>CB</edomv><edomvd>Caribbean Sea</edomvd><edomvds>USACE</edomvds></edom><edom xmlns=""><edomv>CD</edomv><edomvd>Canada</edomvd><edomvds>USACE</edomvds></edom><edom xmlns=""><edomv>GM</edomv><edomvd>Gulf of Mexico</edomvd><edomvds>USACE</edomvds></edom><edom xmlns=""><edomv>PC</edomv><edomvd>Pacific Ocean</edomvd><edomvds>USACE</edomvds></edom><edom xmlns=""><edomv>PM</edomv><edomvd>Panama</edomvd><edomvds>USACE</edomvds></edom><edom xmlns=""><edomv>XX</edomv><edomvd>Unidentified Area</edomvd><edomvds>USACE</edomvds></edom></attrdomv></attr><attr><attrlabl Sync="TRUE">Shape_Leng</attrlabl><attalias Sync="TRUE">Shape_Leng</attalias><attrtype Sync="TRUE">Double</attrtype><attwidth Sync="TRUE">19</attwidth><atprecis Sync="TRUE">0</atprecis><attscale Sync="TRUE">0</attscale></attr></detailed></eainfo><mdDateSt Sync="TRUE">20231130</mdDateSt><mdContact xmlns=""><rpIndName>Nathaniel Thompson</rpIndName><rpOrgName>U.S. Department of Transportation, Pipeline and Hazardous Materials Safety Administration</rpOrgName><rpPosName>GIS Coordinator</rpPosName><role><RoleCd value="007"/></role><rpCntInfo xmlns=""><cntAddress addressType="postal"><delPoint>U.S. Department of Transportation, Pipeline and Hazardous Materials Safety Administration, East Building, 2nd floor, 1200 New Jersey Ave., SE</delPoint><city>Washington</city><adminArea>DC</adminArea><postCode>20590</postCode><eMailAdd>nathaniel.thompson@dot.gov</eMailAdd><country>US</country></cntAddress><cntPhone><voiceNum tddtty="">202-843-3818</voiceNum></cntPhone></rpCntInfo><displayName>Nathaniel Thompson</displayName></mdContact><dqInfo xmlns=""><report type="DQQuanAttAcc" dimension="" xmlns=""><measDesc>Attribute accuracy is tested by manual comparison of the source with hard copy printouts and/or symbolized display of digital line graphs on an interactive computer graphic system; selected attributes that cannot be visually verified on plots or on screen, are interactively queried and verified on screen.</measDesc><evalMethDesc>See accuracy report. </evalMethDesc><measResult><ConResult xmlns=""><conSpec xmlns=""><resTitle>Quantitative Attribute Accuracy</resTitle><date><pubDate>2022-06-01T00:00:00</pubDate></date></conSpec><conExpl>See accuracy report. </conExpl><conPass>1</conPass></ConResult></measResult></report><report type="DQConcConsis" dimension="" xmlns=""><measDesc>BTS quality checks were completed to cross reference the dataset with the state dataset to determine if the spatial data and attribute data were accurate within each state</measDesc><evalMethDesc>See consistency report. </evalMethDesc><measResult><ConResult xmlns=""><conSpec xmlns=""><resTitle>Conceptual Consistency</resTitle><date><pubDate>2022-06-01T00:00:00</pubDate></date></conSpec><conExpl>See consistency report. </conExpl><conPass>1</conPass></ConResult></measResult></report><report type="DQAbsExtPosAcc" dimension="" xmlns=""><measDesc>The "shape source" field in the link database indicates the data sources used to derive link placements. The accuracy of each network element is correlated to the data source used to derive that element. For example, links and nodes derived from 1:100,000 scale DLGs are more accurate than links and nodes derived from 1:500,000 scale NOAA Navigational Charts. Links with unknown/missing sources are usually schematic representations of USACE links. Off-Shore: NOAA Charts vary in scale. Larger scale charts were used in harbor/port areas, while smaller scale charts were used in open water. For channels, sea lanes, and Intracoastal Waterways, shape points were placed as needed to ensure that link segments fall within waterway boundaries. Inland: Links digitized from 1:100,000 DLG files, or large scale NOAA charts are the most accurate representations. Shape points were placed as needed to ensure that link segments fall between waterway shorelines. Links derived from Corps milepoints have shape points approximately one mile apart. The Corps milepoints were mainly derived from 1:24,000 and 1:100,000 scale maps. Therefore, the shape points derived from Corps milepoints are often as accurate as shape points derived from 1:100,000 DLG files. However, line segments connecting the shape points may not accurately represent the curvature of the waterway.</measDesc><evalMethDesc>See accuracy report. </evalMethDesc><measResult><ConResult xmlns=""><conSpec xmlns=""><resTitle>Positional Accuracy Report</resTitle><date><pubDate>2022-06-01T00:00:00</pubDate></date></conSpec><conExpl>See accuracy report. </conExpl><conPass>1</conPass></ConResult></measResult></report><report type="DQCompOm" dimension="" xmlns=""><measDesc>Contact data originator for more information on completeness omission. </measDesc></report><dataLineage><prcStep xmlns=""><stepDesc>The US Army Corps of Engineers National Waterway Network (NWN) data was downloaded from https://usace.contentdm.oclc.org/digital/collection/p16021coll2/id/3799. Portions of this polyline dataset that do not appear to represent waterways but rather appear to be projection-related were removed from the data. 
Then only lines from the NWN data with a FUNC_CLASS value of "S", "B", or "D" were retained for the CNW data; these are the lines considered by PHMSA to be "commercially navigable". All other lines were removed. </stepDesc><stepDateTm>2019-12-01T00:00:00</stepDateTm></prcStep></dataLineage></dqInfo><mdContact xmlns=""><editorSource>external</editorSource><editorDigest>479cdc3934f49c3537d2f49ea3d1be36</editorDigest><rpOrgName>U.S. Department of Transportation (DOT), Pipeline and Hazardous Materials Safety Administration (PHMSA)</rpOrgName><rpCntInfo xmlns=""><cntAddress addressType="both"><delPoint>1200 New Jersey Ave., S.E.</delPoint><city>Washington</city><adminArea>DC</adminArea><postCode>20590</postCode></cntAddress><cntPhone><voiceNum tddtty="">202-366-0667</voiceNum></cntPhone></rpCntInfo><editorSave>True</editorSave><displayName>U.S. Department of Transportation (DOT), Pipeline and Hazardous Materials Safety Administration (PHMSA)</displayName><role><RoleCd value="005"/></role></mdContact></metadata>
