county,cty_region,cty_region_DACcap_tpa,county_DACcost_wtavg
01021,Southeast,52161217.2521377,244.361259591513
01025,Southeast,52161217.2521377,244.237241197766
01047,Southeast,52161217.2521377,244.375206865236
01097,Southeast,52161217.2521377,244.268349755831
01131,Southeast,52161217.2521377,244.366000757145
02185,Alaska,507591466.853327,252.157144167177
02188,Alaska,507591466.853327,250.084403317176
02240,Alaska,507591466.853327,273.70388169059
02290,Alaska,507591466.853327,273.563471214042
05023,South Central,891142987.748054,316.144704772316
05029,South Central,891142987.748054,316.147046468127
05033,South Central,891142987.748054,316.114204900816
05045,South Central,891142987.748054,316.163451756262
05047,South Central,891142987.748054,316.100527151296
05057,South Central,891142987.748054,244.006056980498
05061,South Central,891142987.748054,244.001380288341
05071,South Central,891142987.748054,316.058927648298
05083,South Central,891142987.748054,316.104329101101
05091,South Central,891142987.748054,243.927476634758
05105,South Central,891142987.748054,316.161886340944
05115,South Central,891142987.748054,316.120357014898
05127,South Central,891142987.748054,316.083847391922
05131,South Central,891142987.748054,316.089190608749
05141,South Central,891142987.748054,316.13563039862
05149,South Central,891142987.748054,316.122827282141
06005,West Coast,3789338.58350721,245.367673831714
06007,California Central Valley,2419393.91128635,245.384707157946
06009,West Coast,3789338.58350721,245.394847074132
06011,California Central Valley,2419393.91128635,245.350486692141
06013,Western Cities,0,245.355367199166
06019,California Central Valley,2419393.91128635,242.404439075391
06021,California Central Valley,2419393.91128635,245.392449806951
06025,Western Cities,0,243.338090068707
06029,California Central Valley,2419393.91128635,242.470633914011
06031,California Central Valley,2419393.91128635,242.450147568735
06037,Western Cities,0,242.4317235134
06039,California Central Valley,2419393.91128635,242.466967219488
06043,West Coast,3789338.58350721,242.423346208311
06047,California Central Valley,2419393.91128635,242.377880761276
06053,Western Cities,0,242.093812484895
06061,West Coast,3789338.58350721,245.405957078043
06065,Western Cities,0,243.218600241052
06067,California Central Valley,2419393.91128635,245.399722892484
06069,Western Cities,0,242.0628291394
06071,Western Cities,0,242.662690719902
06073,Western Cities,0,243.113747007919
06077,California Central Valley,2419393.91128635,245.390121010098
06079,Western Cities,0,242.164964659765
06089,West Coast,3789338.58350721,245.494843142828
06095,California Central Valley,2419393.91128635,245.320883648329
06099,California Central Valley,2419393.91128635,242.993204217095
06101,California Central Valley,2419393.91128635,245.380903294757
06103,West Coast,3789338.58350721,245.401478145571
06107,California Central Valley,2419393.91128635,242.516869292064
06113,California Central Valley,2419393.91128635,245.359815525572
06115,California Central Valley,2419393.91128635,245.402726546048
08001,Upper Rocky Mountains,228600356.621459,245.057784607194
08005,Upper Rocky Mountains,228600356.621459,244.885585795545
08007,Lower Rocky Mountains,169254922.656714,248.75664972805
08013,Lower Rocky Mountains,169254922.656714,245.949756693579
08017,Upper Rocky Mountains,228600356.621459,245.338103637201
08025,Upper Rocky Mountains,228600356.621459,244.908235990028
08029,Lower Rocky Mountains,169254922.656714,291.053156014249
08031,Upper Rocky Mountains,228600356.621459,244.880421798552
08033,Lower Rocky Mountains,169254922.656714,269.454791058725
08035,Upper Rocky Mountains,228600356.621459,244.950879442049
08039,Upper Rocky Mountains,228600356.621459,244.799051663925
08041,Upper Rocky Mountains,228600356.621459,244.711926507847
08045,Lower Rocky Mountains,169254922.656714,291.334422195017
08055,Lower Rocky Mountains,169254922.656714,242.972701241381
08063,Lower Midwest,0,245.299807561735
08067,Lower Rocky Mountains,169254922.656714,251.315419040482
08069,Lower Rocky Mountains,169254922.656714,245.254923271704
08071,Lower Rocky Mountains,169254922.656714,242.895926794725
08073,Upper Rocky Mountains,228600356.621459,245.006804486088
08075,Lower Midwest,0,245.390061751257
08077,Lower Rocky Mountains,169254922.656714,291.013397073586
08081,Upper Rocky Mountains,228600356.621459,256.571626383498
08083,Lower Rocky Mountains,169254922.656714,267.246589098481
08085,Lower Rocky Mountains,169254922.656714,269.388001465539
08087,Upper Rocky Mountains,228600356.621459,245.442661593017
08095,Lower Midwest,0,246.266657742028
08101,Upper Rocky Mountains,228600356.621459,244.748719124844
08103,Lower Rocky Mountains,169254922.656714,267.703327559116
08107,Lower Rocky Mountains,169254922.656714,254.55520651495
08113,Lower Rocky Mountains,169254922.656714,269.44856263452
08115,Lower Midwest,0,246.422613886735
08121,Upper Rocky Mountains,228600356.621459,245.054616507441
08123,Upper Rocky Mountains,228600356.621459,245.103450726556
08125,Lower Midwest,0,246.306671332835
12001,Florida Peninsula,0,324.108704067984
12015,Florida Peninsula,0,245.90252927669
12021,Florida Peninsula,0,246.052357248448
12023,Southeast,52161217.2521377,316.448169646033
12027,Florida Peninsula,0,245.856788472947
12029,Southeast,52161217.2521377,295.060131843886
12039,Southeast,52161217.2521377,249.980663072077
12041,Southeast,52161217.2521377,315.217677207975
12043,Florida Peninsula,0,246.015345943723
12051,Florida Peninsula,0,245.995467709784
12055,Florida Peninsula,0,246.066941343706
12067,Southeast,52161217.2521377,302.304291312686
12069,Florida Peninsula,0,247.674631537691
12073,Southeast,52161217.2521377,253.921248028586
12075,Southeast,52161217.2521377,298.365971495182
12079,Southeast,52161217.2521377,295.796319323515
12081,Florida Peninsula,0,245.950824615188
12093,Florida Peninsula,0,246.567663301452
12111,Florida Peninsula,0,246.600823780639
12121,Southeast,52161217.2521377,304.884772763944
13007,Southeast,52161217.2521377,255.300960714514
13087,Southeast,52161217.2521377,256.165917011463
13201,Southeast,52161217.2521377,252.917196463903
13205,Southeast,52161217.2521377,254.354591111082
13211,Southeast,52161217.2521377,266.664964341837
13219,Southeast,52161217.2521377,266.664964341837
13253,Southeast,52161217.2521377,253.591079719064
16007,Lower Rocky Mountains,169254922.656714,249.420554737039
16011,Upper Rocky Mountains,228600356.621459,245.826375622548
16019,Upper Rocky Mountains,228600356.621459,248.966525418065
16029,Upper Rocky Mountains,228600356.621459,245.089646557053
17003,Lower Mississippi River,0,244.906504583869
17005,Great Lakes,273643811.732007,269.059039029504
17027,Great Lakes,273643811.732007,271.439625387754
17029,Great Lakes,273643811.732007,267.853944636915
17047,Great Lakes,273643811.732007,266.652448235918
17051,Great Lakes,273643811.732007,263.462281119119
17055,Great Lakes,273643811.732007,265.678766990741
17081,Great Lakes,273643811.732007,265.428821252853
17119,Great Lakes,273643811.732007,260.085073351001
17121,Great Lakes,273643811.732007,263.240732598596
17133,Great Lakes,273643811.732007,244.782621636131
17139,Great Lakes,273643811.732007,267.395833068802
17153,Lower Mississippi River,0,289.337474261959
17163,Great Lakes,273643811.732007,244.786745677523
17165,Great Lakes,273643811.732007,272.728776414464
17173,Great Lakes,273643811.732007,266.707126738618
17191,Great Lakes,273643811.732007,264.893066782914
17193,Great Lakes,273643811.732007,270.460777121829
18005,Great Lakes,273643811.732007,244.79458496284
18019,Appalachia,1149892329.67868,244.814872636014
18037,Great Lakes,273643811.732007,244.792717342438
18061,Appalachia,1149892329.67868,244.808058209232
18079,Great Lakes,273643811.732007,244.787768627293
18081,Great Lakes,273643811.732007,244.811339525701
18087,Great Lakes,273643811.732007,246.275460355112
18109,Great Lakes,273643811.732007,244.800601353753
18113,Great Lakes,273643811.732007,246.299346832437
18143,Great Lakes,273643811.732007,244.787768627293
18147,Great Lakes,273643811.732007,244.800653697401
18163,Great Lakes,273643811.732007,269.827247506577
18173,Great Lakes,273643811.732007,244.811550409794
19011,Great Lakes,273643811.732007,245.926811263665
19013,Great Lakes,273643811.732007,245.953195066483
19031,Great Lakes,273643811.732007,245.887550316649
19075,Upper Midwest,49421599.5528249,245.951111027687
19091,Upper Midwest,49421599.5528249,245.937495339929
19103,Great Lakes,273643811.732007,245.891371804405
19147,Upper Midwest,49421599.5528249,245.933074743909
19149,Upper Midwest,49421599.5528249,257.401201070836
19163,Great Lakes,273643811.732007,245.88804813358
19193,Upper Midwest,49421599.5528249,257.370181256245
19197,Upper Midwest,49421599.5528249,245.954603969471
20041,Lower Midwest,0,254.179061716071
20105,Lower Midwest,0,254.210633416524
20123,Lower Midwest,0,254.22260377454
20141,Lower Midwest,0,254.216893868729
20143,Lower Midwest,0,254.192761529465
20167,Lower Midwest,0,254.214310694681
20169,Lower Midwest,0,254.189390772473
20175,Lower Midwest,0,251.995752249168
20201,Lower Midwest,0,257.28213125136
21007,Lower Mississippi River,0,244.903444985139
21027,Appalachia,1149892329.67868,244.820675255118
21033,Appalachia,1149892329.67868,244.859287043757
21039,Lower Mississippi River,0,244.909797733464
21047,Appalachia,1149892329.67868,244.846208158219
21055,Appalachia,1149892329.67868,244.864765096848
21059,Appalachia,1149892329.67868,244.859774854284
21061,Appalachia,1149892329.67868,244.859387563949
21067,Appalachia,1149892329.67868,254.826238024095
21085,Appalachia,1149892329.67868,244.849287394466
21091,Appalachia,1149892329.67868,244.830191406936
21093,Appalachia,1149892329.67868,244.84273668707
21101,Great Lakes,273643811.732007,253.429826387625
21105,Lower Mississippi River,0,244.913472545097
21107,Appalachia,1149892329.67868,244.876844113612
21113,Appalachia,1149892329.67868,254.823899738355
21139,Great Lakes,273643811.732007,244.869739151755
21141,Appalachia,1149892329.67868,244.862442880642
21143,Appalachia,1149892329.67868,244.868568517895
21145,Lower Mississippi River,0,244.902928176264
21149,Appalachia,1149892329.67868,244.878226585954
21151,Appalachia,1149892329.67868,254.826238024095
21163,Appalachia,1149892329.67868,244.802177651259
21177,Appalachia,1149892329.67868,244.867444747305
21183,Appalachia,1149892329.67868,244.863792462196
21219,Appalachia,1149892329.67868,244.858444844113
21221,Appalachia,1149892329.67868,244.852981739348
21225,Great Lakes,273643811.732007,244.864696677228
21227,Appalachia,1149892329.67868,244.867389706491
21233,Appalachia,1149892329.67868,244.869348544585
22001,Lower Mississippi River,0,243.729336457579
22003,South Central,891142987.748054,243.85123657936
22005,Lower Mississippi River,0,243.38286566312
22007,Lower Mississippi River,0,243.386293767127
22009,Lower Mississippi River,0,244.45000241854
22011,South Central,891142987.748054,243.956785762897
22013,South Central,891142987.748054,243.992605044671
22015,South Central,891142987.748054,244.016957497066
22017,South Central,891142987.748054,243.978832608495
22019,Lower Mississippi River,0,243.555934925201
22021,South Central,891142987.748054,244.037160485963
22023,Lower Mississippi River,0,243.346481543697
22025,Lower Mississippi River,0,244.525356313226
22029,Lower Mississippi River,0,244.4091689685
22031,South Central,891142987.748054,244.007091461961
22039,Lower Mississippi River,0,243.996150521527
22043,South Central,891142987.748054,244.180581453096
22045,Lower Mississippi River,0,243.378295012678
22047,Lower Mississippi River,0,243.513818246931
22049,South Central,891142987.748054,243.998501355721
22053,Lower Mississippi River,0,243.358032866105
22057,Lower Mississippi River,0,243.453094621259
22059,South Central,891142987.748054,244.080933395669
22069,South Central,891142987.748054,244.070413089583
22075,Lower Mississippi River,0,243.465631173836
22077,Lower Mississippi River,0,244.223109974827
22079,South Central,891142987.748054,243.784439778232
22081,South Central,891142987.748054,244.037699936549
22085,South Central,891142987.748054,244.047628795259
22089,Lower Mississippi River,0,243.386393913532
22091,Southeast,52161217.2521377,245.266403323531
22095,Lower Mississippi River,0,243.388600946659
22097,Lower Mississippi River,0,243.961688484457
22099,Lower Mississippi River,0,243.365043401868
22101,Lower Mississippi River,0,243.386940221799
22113,Lower Mississippi River,0,243.39146978878
22115,South Central,891142987.748054,243.746481640108
22121,Lower Mississippi River,0,243.931479237942
22125,Lower Mississippi River,0,244.76597097667
22127,South Central,891142987.748054,244.017151589816
26079,Upper Great Lakes,17395597.7983536,246.396392568483
26107,Great Lakes,273643811.732007,245.128282098652
26151,Great Lakes,273643811.732007,245.385962010964
28013,Southeast,52161217.2521377,257.894111269077
28017,Southeast,52161217.2521377,262.22579775949
28019,Southeast,52161217.2521377,253.331073156747
28025,Southeast,52161217.2521377,262.277385853328
28071,Southeast,52161217.2521377,262.171103946733
28081,Southeast,52161217.2521377,262.187108373837
28103,Southeast,52161217.2521377,262.343599594401
28105,Southeast,52161217.2521377,262.277385853328
28115,Southeast,52161217.2521377,262.196118221387
28145,Southeast,52161217.2521377,262.165288750776
28155,Southeast,52161217.2521377,244.408188634588
28157,Lower Mississippi River,0,244.888676330794
28159,Southeast,52161217.2521377,244.390796839224
28161,Southeast,52161217.2521377,254.358038642067
29017,South Central,891142987.748054,244.811242640181
29031,Lower Mississippi River,0,244.819054696277
29069,Lower Mississippi River,0,244.884292573037
29133,Lower Mississippi River,0,244.917422901337
29143,Lower Mississippi River,0,244.89764154449
29155,Lower Mississippi River,0,244.913435877675
29157,Great Lakes,273643811.732007,244.783369017145
29201,Lower Mississippi River,0,244.871674230811
29207,Lower Mississippi River,0,244.869671001837
30003,Upper Rocky Mountains,228600356.621459,244.04980682881
30009,Upper Rocky Mountains,228600356.621459,244.48408737937
30011,Upper Rocky Mountains,228600356.621459,247.37877766715
30017,Upper Rocky Mountains,228600356.621459,247.786463939244
30019,Upper Midwest,49421599.5528249,248.28256406635
30021,Upper Rocky Mountains,228600356.621459,247.931733857525
30025,Upper Rocky Mountains,228600356.621459,247.803683771983
30033,Upper Rocky Mountains,228600356.621459,247.902430449313
30055,Upper Rocky Mountains,228600356.621459,247.966774693212
30075,Upper Rocky Mountains,228600356.621459,243.677379879349
30079,Upper Rocky Mountains,228600356.621459,247.858775827506
30083,Upper Rocky Mountains,228600356.621459,248.063452474233
30085,Upper Midwest,49421599.5528249,248.164637532981
30087,Upper Rocky Mountains,228600356.621459,243.998945086167
30091,Upper Midwest,49421599.5528249,248.337964192102
30095,Upper Rocky Mountains,228600356.621459,247.772344117926
30105,Upper Midwest,49421599.5528249,248.518535734879
30109,Upper Rocky Mountains,228600356.621459,247.975275608077
31005,Upper Rocky Mountains,228600356.621459,246.149146207901
31007,Upper Rocky Mountains,228600356.621459,244.903749469356
31013,Upper Rocky Mountains,228600356.621459,245.689959586172
31021,Lower Midwest,0,257.348827533092
31029,Lower Midwest,0,247.452617102306
31033,Lower Midwest,0,245.566514865656
31043,Lower Midwest,0,257.360962157704
31045,Upper Rocky Mountains,228600356.621459,246.075148500052
31049,Lower Midwest,0,246.111062738345
31053,Lower Midwest,0,257.343706992319
31067,Lower Midwest,0,257.2807009929
31069,Lower Midwest,0,246.241492508758
31075,Upper Rocky Mountains,228600356.621459,246.146666613266
31101,Lower Midwest,0,247.152424282288
31105,Upper Rocky Mountains,228600356.621459,245.238283105628
31123,Lower Midwest,0,246.076409922039
31135,Lower Midwest,0,247.573416807268
31155,Lower Midwest,0,257.329099671117
31157,Lower Midwest,0,244.871417296071
31161,Upper Rocky Mountains,228600356.621459,246.142515413694
31165,Upper Rocky Mountains,228600356.621459,245.490662088507
31173,Lower Midwest,0,257.355210654531
35001,Lower Rocky Mountains,169254922.656714,244.712503395466
35005,West Texas,1097910736.35682,243.115953697718
35007,Lower Rocky Mountains,169254922.656714,243.012595926206
35009,West Texas,1097910736.35682,243.669516102613
35011,Desert Southwest,0,243.039308812644
35015,West Texas,1097910736.35682,244.380907587576
35021,Lower Rocky Mountains,169254922.656714,242.870800321602
35025,West Texas,1097910736.35682,243.722589255818
35027,Desert Southwest,0,243.022382905906
35031,Lower Rocky Mountains,169254922.656714,244.290752892546
35035,West Texas,1097910736.35682,245.079997247389
35037,West Texas,1097910736.35682,242.904650110204
35039,Lower Rocky Mountains,169254922.656714,244.021968300546
35041,West Texas,1097910736.35682,243.684528548752
35043,Lower Rocky Mountains,169254922.656714,243.975894090973
35045,Lower Rocky Mountains,169254922.656714,247.163561772592
35049,Lower Rocky Mountains,169254922.656714,244.709020623557
35057,Desert Southwest,0,244.658811393789
35059,Lower Rocky Mountains,169254922.656714,242.888355187679
36017,Northeast,251950089.879941,254.920857298806
37157,Southeast,52161217.2521377,266.428805954245
38011,Upper Rocky Mountains,228600356.621459,247.842259565994
38013,Upper Midwest,49421599.5528249,248.800712484907
38015,Upper Midwest,49421599.5528249,248.125279191202
38023,Upper Midwest,49421599.5528249,248.466816599931
38025,Upper Rocky Mountains,228600356.621459,248.231897541292
38029,Upper Midwest,49421599.5528249,249.404385489838
38033,Upper Rocky Mountains,228600356.621459,247.985320271238
38037,Upper Rocky Mountains,228600356.621459,248.035154562858
38049,Upper Midwest,49421599.5528249,247.239998123063
38053,Upper Rocky Mountains,228600356.621459,248.134031367452
38055,Upper Midwest,49421599.5528249,248.272528758542
38057,Upper Rocky Mountains,228600356.621459,248.191570173318
38059,Upper Rocky Mountains,228600356.621459,248.253877203733
38065,Upper Rocky Mountains,228600356.621459,248.174467592735
38085,Upper Rocky Mountains,228600356.621459,247.716189300348
38105,Upper Midwest,49421599.5528249,248.256069200246
39005,Great Lakes,273643811.732007,254.684783720505
39019,Appalachia,1149892329.67868,340.595516360488
39029,Appalachia,1149892329.67868,329.08977847075
39045,Great Lakes,273643811.732007,254.701845274889
39053,Appalachia,1149892329.67868,254.719002260413
39059,Appalachia,1149892329.67868,338.679722436573
39075,Great Lakes,273643811.732007,254.671891855894
39083,Great Lakes,273643811.732007,254.676000386193
39097,Great Lakes,273643811.732007,254.748154821309
39127,Appalachia,1149892329.67868,254.701478613226
39169,Great Lakes,273643811.732007,254.672487998819
40007,West Texas,1097910736.35682,248.345483047976
40013,South Central,891142987.748054,244.10871235708
40025,Lower Midwest,0,242.993952041568
40027,South Central,891142987.748054,243.924398190512
40045,West Texas,1097910736.35682,244.780492900672
40059,West Texas,1097910736.35682,244.828316128906
40079,South Central,891142987.748054,316.092775733894
40089,South Central,891142987.748054,243.817289667072
40107,South Central,891142987.748054,316.061129611192
40135,South Central,891142987.748054,316.100841279223
40139,Lower Midwest,0,243.049075149186
40153,West Texas,1097910736.35682,244.77977709597
41003,West Coast,3789338.58350721,242.315243422366
41039,West Coast,3789338.58350721,242.361984717476
41043,West Coast,3789338.58350721,242.357399451532
42009,Appalachia,1149892329.67868,267.788810758671
42013,Appalachia,1149892329.67868,254.823000005851
42019,Appalachia,1149892329.67868,254.786627243008
42027,Appalachia,1149892329.67868,254.883651363616
42031,Appalachia,1149892329.67868,254.821755832254
42051,Appalachia,1149892329.67868,260.901470893879
42057,Appalachia,1149892329.67868,254.841683657681
42061,Appalachia,1149892329.67868,254.823000005851
42067,Appalachia,1149892329.67868,254.827721008736
42087,Appalachia,1149892329.67868,254.843120942543
42119,Appalachia,1149892329.67868,254.81860343827
42125,Appalachia,1149892329.67868,298.544553579273
46019,Upper Rocky Mountains,228600356.621459,250.419765113489
46021,Upper Midwest,49421599.5528249,246.77422881173
46031,Upper Rocky Mountains,228600356.621459,248.755018886571
46041,Upper Rocky Mountains,228600356.621459,247.651308230775
46047,Upper Rocky Mountains,228600356.621459,248.008547599183
46055,Upper Rocky Mountains,228600356.621459,253.809569603612
46063,Upper Rocky Mountains,228600356.621459,247.783003338236
46093,Upper Rocky Mountains,228600356.621459,250.356274446728
46103,Upper Rocky Mountains,228600356.621459,253.264862705201
46105,Upper Rocky Mountains,228600356.621459,247.838749726104
46129,Upper Midwest,49421599.5528249,246.758738439877
46137,Upper Rocky Mountains,228600356.621459,250.489614181582
47005,Appalachia,1149892329.67868,244.860009369662
47017,Appalachia,1149892329.67868,244.873674425373
47035,Appalachia,1149892329.67868,254.719553075484
47043,Appalachia,1149892329.67868,244.838501265153
47045,Lower Mississippi River,0,244.927483892151
47047,Lower Mississippi River,0,244.430289858616
47049,Appalachia,1149892329.67868,254.772659145484
47053,Lower Mississippi River,0,244.901134804551
47075,Lower Mississippi River,0,246.146357792936
47079,Appalachia,1149892329.67868,244.860401249674
47085,Appalachia,1149892329.67868,244.854179032611
47095,Lower Mississippi River,0,244.916612030384
47097,Lower Mississippi River,0,246.155889458762
47125,Appalachia,1149892329.67868,244.856720524896
47131,Lower Mississippi River,0,244.918523216101
47133,Appalachia,1149892329.67868,254.794608874675
47147,Appalachia,1149892329.67868,244.862349510274
47161,Appalachia,1149892329.67868,244.84600082703
47167,Lower Mississippi River,0,246.183077476933
47183,Lower Mississippi River,0,244.890901087009
48001,South Central,891142987.748054,246.572956051031
48003,West Texas,1097910736.35682,244.607382951152
48005,South Central,891142987.748054,250.538228319903
48007,West Texas,1097910736.35682,244.31816404229
48009,West Texas,1097910736.35682,247.93531011089
48011,West Texas,1097910736.35682,245.786445097191
48013,West Texas,1097910736.35682,245.082100687426
48015,South Central,891142987.748054,244.152074124883
48017,West Texas,1097910736.35682,244.95699365184
48021,South Central,891142987.748054,244.136165447682
48023,West Texas,1097910736.35682,247.90506756432
48025,West Texas,1097910736.35682,244.096442446218
48027,South Central,891142987.748054,244.19321400404
48029,South Central,891142987.748054,244.129549590122
48033,West Texas,1097910736.35682,245.532693222411
48035,West Texas,1097910736.35682,248.158448445973
48037,South Central,891142987.748054,243.899768967577
48039,South Central,891142987.748054,243.471507165564
48041,South Central,891142987.748054,244.990320885462
48043,West Texas,1097910736.35682,250.08594226933
48045,West Texas,1097910736.35682,245.100083331501
48047,West Texas,1097910736.35682,244.348668331422
48049,West Texas,1097910736.35682,270.531961002127
48051,South Central,891142987.748054,244.193784524464
48055,South Central,891142987.748054,244.099867479321
48057,West Texas,1097910736.35682,244.350419701644
48059,West Texas,1097910736.35682,248.053351557253
48061,West Texas,1097910736.35682,244.436307590062
48065,West Texas,1097910736.35682,248.619759890478
48067,South Central,891142987.748054,253.920647341696
48069,West Texas,1097910736.35682,244.417765964381
48073,South Central,891142987.748054,249.080318677786
48077,West Texas,1097910736.35682,247.958918214505
48079,West Texas,1097910736.35682,243.587852836206
48081,West Texas,1097910736.35682,247.771291732717
48083,West Texas,1097910736.35682,250.207734884863
48085,South Central,891142987.748054,243.848526105825
48089,South Central,891142987.748054,244.114822824657
48093,West Texas,1097910736.35682,260.114297468119
48095,West Texas,1097910736.35682,247.887509845871
48097,West Texas,1097910736.35682,270.656990323409
48099,South Central,891142987.748054,248.159027808904
48101,West Texas,1097910736.35682,245.306941137616
48103,West Texas,1097910736.35682,245.619121980564
48105,West Texas,1097910736.35682,249.20401329949
48109,West Texas,1097910736.35682,245.576902658299
48111,Lower Midwest,0,242.91865221116
48113,South Central,891142987.748054,243.910509927567
48115,West Texas,1097910736.35682,244.979691056835
48117,West Texas,1097910736.35682,244.818213232163
48119,South Central,891142987.748054,244.257139870327
48121,South Central,891142987.748054,248.067016940937
48123,South Central,891142987.748054,244.100107818329
48127,West Texas,1097910736.35682,244.319819308416
48131,West Texas,1097910736.35682,243.950513176649
48133,West Texas,1097910736.35682,259.002150093239
48135,West Texas,1097910736.35682,245.371333166487
48139,South Central,891142987.748054,244.269619961133
48143,West Texas,1097910736.35682,249.35683134897
48145,South Central,891142987.748054,247.527472875208
48147,South Central,891142987.748054,244.10871235708
48149,South Central,891142987.748054,244.11798013629
48151,West Texas,1097910736.35682,248.652066498442
48153,West Texas,1097910736.35682,243.897560032875
48155,West Texas,1097910736.35682,247.848288153826
48157,South Central,891142987.748054,244.483913301447
48159,South Central,891142987.748054,247.60887412924
48161,South Central,891142987.748054,252.274821011562
48163,West Texas,1097910736.35682,244.451136112751
48165,West Texas,1097910736.35682,243.747365513208
48169,West Texas,1097910736.35682,245.129004409882
48173,West Texas,1097910736.35682,245.124892235759
48175,West Texas,1097910736.35682,244.124552702823
48177,South Central,891142987.748054,244.195980476645
48179,West Texas,1097910736.35682,244.702886914497
48185,South Central,891142987.748054,244.48647835154
48187,South Central,891142987.748054,244.082601884445
48189,West Texas,1097910736.35682,243.83308794429
48191,West Texas,1097910736.35682,244.225219169974
48193,West Texas,1097910736.35682,247.99264202923
48195,Lower Midwest,0,251.922668605833
48203,South Central,891142987.748054,244.042638983296
48205,Lower Midwest,0,243.940458783983
48207,West Texas,1097910736.35682,247.87164171274
48211,West Texas,1097910736.35682,244.749538854306
48213,South Central,891142987.748054,244.079140311004
48215,West Texas,1097910736.35682,244.397884200586
48217,South Central,891142987.748054,247.572304065883
48219,West Texas,1097910736.35682,243.45645072664
48221,West Texas,1097910736.35682,248.042164396898
48223,South Central,891142987.748054,247.301845509491
48225,South Central,891142987.748054,246.939589868053
48227,West Texas,1097910736.35682,245.214869091431
48231,South Central,891142987.748054,248.355442395784
48233,Lower Midwest,0,251.896814042278
48237,West Texas,1097910736.35682,247.967717617633
48239,South Central,891142987.748054,243.97442198363
48241,South Central,891142987.748054,244.095071718125
48243,West Texas,1097910736.35682,245.497324185504
48247,West Texas,1097910736.35682,243.89765804434
48249,West Texas,1097910736.35682,243.805943807815
48251,West Texas,1097910736.35682,248.096475036008
48253,West Texas,1097910736.35682,247.846125583201
48255,West Texas,1097910736.35682,244.342047991959
48257,South Central,891142987.748054,249.357653726041
48261,West Texas,1097910736.35682,243.942754891712
48263,West Texas,1097910736.35682,245.185206203831
48269,West Texas,1097910736.35682,247.783314881123
48271,West Texas,1097910736.35682,244.049247018748
48273,West Texas,1097910736.35682,243.987507453759
48275,West Texas,1097910736.35682,247.861645581022
48277,South Central,891142987.748054,243.888135528739
48279,West Texas,1097910736.35682,244.216392298798
48283,West Texas,1097910736.35682,244.965271528131
48285,South Central,891142987.748054,244.24734483386
48287,South Central,891142987.748054,244.166090468812
48289,South Central,891142987.748054,248.642809733953
48293,South Central,891142987.748054,264.975461545194
48295,West Texas,1097910736.35682,244.75287707018
48297,West Texas,1097910736.35682,244.095919579089
48301,West Texas,1097910736.35682,243.340161175165
48303,West Texas,1097910736.35682,243.167437237842
48305,West Texas,1097910736.35682,245.063282902713
48309,South Central,891142987.748054,248.220022995139
48311,West Texas,1097910736.35682,244.993351661854
48313,South Central,891142987.748054,247.442534632419
48315,South Central,891142987.748054,249.676195556714
48317,West Texas,1097910736.35682,245.034331792955
48321,South Central,891142987.748054,243.922700756028
48323,West Texas,1097910736.35682,244.228558229689
48325,West Texas,1097910736.35682,244.164780190541
48329,West Texas,1097910736.35682,245.066888002884
48331,South Central,891142987.748054,244.518044231804
48335,West Texas,1097910736.35682,245.276493766083
48337,West Texas,1097910736.35682,252.35534982991
48341,Lower Midwest,0,243.794248788699
48343,South Central,891142987.748054,249.324598887754
48345,West Texas,1097910736.35682,244.023409523996
48349,South Central,891142987.748054,248.338480403243
48353,West Texas,1097910736.35682,247.735170900612
48355,West Texas,1097910736.35682,243.975336623126
48357,West Texas,1097910736.35682,245.740250038685
48359,West Texas,1097910736.35682,244.02678714437
48363,West Texas,1097910736.35682,249.272597491649
48365,South Central,891142987.748054,244.058656437435
48367,West Texas,1097910736.35682,248.00872740038
48369,West Texas,1097910736.35682,244.563649929478
48371,West Texas,1097910736.35682,245.780604729229
48375,West Texas,1097910736.35682,244.514595993641
48377,West Texas,1097910736.35682,245.171930970469
48379,South Central,891142987.748054,246.605077413682
48381,West Texas,1097910736.35682,244.895336901896
48383,West Texas,1097910736.35682,245.134470897512
48387,South Central,891142987.748054,243.838287311379
48389,West Texas,1097910736.35682,243.532703075874
48391,West Texas,1097910736.35682,244.093005724908
48393,West Texas,1097910736.35682,244.758579068625
48395,South Central,891142987.748054,254.05237034619
48397,South Central,891142987.748054,251.333546624759
48399,West Texas,1097910736.35682,247.840245810852
48401,South Central,891142987.748054,246.281800750831
48409,West Texas,1097910736.35682,243.763047421923
48415,West Texas,1097910736.35682,247.176572444273
48417,West Texas,1097910736.35682,247.868116527413
48423,South Central,891142987.748054,247.064150807648
48425,West Texas,1097910736.35682,248.08014573275
48427,West Texas,1097910736.35682,244.149300064377
48429,West Texas,1097910736.35682,247.941281481429
48433,West Texas,1097910736.35682,247.801803848517
48437,West Texas,1097910736.35682,244.830759693537
48439,South Central,891142987.748054,248.041463060828
48441,West Texas,1097910736.35682,247.801465881408
48443,West Texas,1097910736.35682,247.951891069023
48445,West Texas,1097910736.35682,243.303716584053
48447,West Texas,1097910736.35682,247.889972122133
48449,South Central,891142987.748054,248.081637671047
48455,South Central,891142987.748054,243.990438777088
48459,South Central,891142987.748054,251.211366059809
48461,West Texas,1097910736.35682,245.156621130348
48463,West Texas,1097910736.35682,244.151202257728
48465,West Texas,1097910736.35682,245.296820896936
48467,South Central,891142987.748054,247.12054846019
48469,South Central,891142987.748054,243.937887472553
48471,South Central,891142987.748054,243.989996177292
48473,South Central,891142987.748054,243.967918021032
48475,West Texas,1097910736.35682,244.326560311924
48477,South Central,891142987.748054,243.778225139501
48479,West Texas,1097910736.35682,244.629397875786
48481,South Central,891142987.748054,244.353742476476
48483,West Texas,1097910736.35682,244.754454273383
48485,West Texas,1097910736.35682,251.537188988467
48487,West Texas,1097910736.35682,247.903880606681
48489,West Texas,1097910736.35682,244.032594943211
48491,South Central,891142987.748054,244.08717326751
48493,South Central,891142987.748054,244.238817895534
48495,West Texas,1097910736.35682,244.677360806745
48497,West Texas,1097910736.35682,249.870470422718
48499,South Central,891142987.748054,247.80686055509
48501,West Texas,1097910736.35682,243.115631102431
48503,West Texas,1097910736.35682,247.946207248799
48505,West Texas,1097910736.35682,245.455479628098
48507,West Texas,1097910736.35682,244.26573907645
49001,Lower Rocky Mountains,169254922.656714,267.272180920426
49007,Lower Rocky Mountains,169254922.656714,291.683319888949
49009,Lower Rocky Mountains,169254922.656714,248.91800622261
49013,Lower Rocky Mountains,169254922.656714,271.434983752101
49015,Lower Rocky Mountains,169254922.656714,272.295022089831
49019,Lower Rocky Mountains,169254922.656714,272.513003799171
49023,Great Basin,0,267.043914321652
49027,Lower Rocky Mountains,169254922.656714,267.247508864617
49029,Lower Rocky Mountains,169254922.656714,244.523850476318
49033,Lower Rocky Mountains,169254922.656714,244.554329388379
49037,Lower Rocky Mountains,169254922.656714,269.331049494297
49039,Lower Rocky Mountains,169254922.656714,267.175005684223
49041,Lower Rocky Mountains,169254922.656714,267.657554802016
49043,Lower Rocky Mountains,169254922.656714,245.503577083803
49047,Lower Rocky Mountains,169254922.656714,274.432098811018
49049,Lower Rocky Mountains,169254922.656714,291.810315442185
49051,Lower Rocky Mountains,169254922.656714,291.838341668117
49055,Lower Rocky Mountains,169254922.656714,269.510582687848
51003,Appalachia,1149892329.67868,266.397979425798
51069,Appalachia,1149892329.67868,266.083080151855
51185,Appalachia,1149892329.67868,254.763062026265
54023,Appalachia,1149892329.67868,257.554400377699
54025,Appalachia,1149892329.67868,271.688415516045
54063,Appalachia,1149892329.67868,254.809863555635
56001,Upper Rocky Mountains,228600356.621459,244.212428896974
56003,Upper Rocky Mountains,228600356.621459,245.419621361622
56005,Upper Rocky Mountains,228600356.621459,243.50331197006
56007,Upper Rocky Mountains,228600356.621459,249.223628180425
56009,Upper Rocky Mountains,228600356.621459,243.551247219886
56011,Upper Rocky Mountains,228600356.621459,245.480109599712
56013,Upper Rocky Mountains,228600356.621459,269.628111755252
56015,Upper Rocky Mountains,228600356.621459,245.167999383314
56017,Upper Rocky Mountains,228600356.621459,246.784065345531
56019,Upper Rocky Mountains,228600356.621459,243.597271072893
56021,Upper Rocky Mountains,228600356.621459,244.990983157423
56023,Upper Rocky Mountains,228600356.621459,245.995108828304
56025,Upper Rocky Mountains,228600356.621459,246.656448173849
56027,Upper Rocky Mountains,228600356.621459,244.395740872102
56029,East Cascades,0,245.7324761949
56031,Upper Rocky Mountains,228600356.621459,246.092397457303
56033,Upper Rocky Mountains,228600356.621459,243.513050272661
56035,Upper Rocky Mountains,228600356.621459,248.226973298422
56037,Upper Rocky Mountains,228600356.621459,249.363785342437
56041,Upper Rocky Mountains,228600356.621459,246.312805082205
56043,Upper Rocky Mountains,228600356.621459,244.983589400363
56045,Upper Rocky Mountains,228600356.621459,243.740671402864
