<?xml version="1.0" encoding="UTF-8"?>
<metadata xml:lang="en"><Esri><CreaDate>20230131</CreaDate><CreaTime>15555000</CreaTime><ArcGISFormat>1.0</ArcGISFormat><SyncOnce>TRUE</SyncOnce><DataProperties><lineage><Process ToolSource="c:\program files (x86)\arcgis\desktop10.8\ArcToolbox\Toolboxes\Data Management Tools.tbx\CalculateField" Date="20230119" Time="151732">CalculateField pipelines_netzeroamerica_2030 Capacity "1" VB #</Process><Process ToolSource="c:\program files (x86)\arcgis\desktop10.8\ArcToolbox\Toolboxes\Data Management Tools.tbx\CalculateField" Date="20230119" Time="151747">CalculateField pipelines_netzeroamerica_2030 Capacity '1' PYTHON_9.3 #</Process><Process ToolSource="c:\program files (x86)\arcgis\desktop10.8\ArcToolbox\Toolboxes\Data Management Tools.tbx\CalculateField" Date="20230119" Time="152008">CalculateField pipelines_netzeroamerica_2030 Capacity 'One' PYTHON_9.3 #</Process><Process ToolSource="c:\program files (x86)\arcgis\desktop10.8\ArcToolbox\Toolboxes\Data Management Tools.tbx\CalculateField" Date="20230120" Time="102233">CalculateField pipelines_netzeroamerica_2030 Year 2030 PYTHON_9.3 #</Process><Process ToolSource="c:\program files (x86)\arcgis\desktop10.8\ArcToolbox\Toolboxes\Data Management Tools.tbx\CalculateField" Date="20230120" Time="111832">CalculateField pipelines_netzeroamerica_2030 Year 2030 PYTHON_9.3 #</Process><Process ToolSource="c:\program files (x86)\arcgis\desktop10.8\ArcToolbox\Toolboxes\Data Management Tools.tbx\CalculateField" Date="20230120" Time="114208">CalculateField pipelines_netzeroamerica_2030 Capacity '&gt;200' PYTHON_9.3 #</Process><Process ToolSource="c:\program files (x86)\arcgis\desktop10.8\ArcToolbox\Toolboxes\Data Management Tools.tbx\CalculateField" Date="20230120" Time="114242">CalculateField pipelines_netzeroamerica_2030 Capacity '100-200' PYTHON_9.3 #</Process><Process ToolSource="c:\program files (x86)\arcgis\desktop10.8\ArcToolbox\Toolboxes\Data Management Tools.tbx\CalculateField" Date="20230120" Time="114338">CalculateField pipelines_netzeroamerica_2030 Capacity '&lt;100' PYTHON_9.3 #</Process><Process ToolSource="c:\program files (x86)\arcgis\desktop10.8\ArcToolbox\Toolboxes\Data Management Tools.tbx\CalculateField" Date="20230120" Time="114839">CalculateField pipelines_netzeroamerica_2030 Capacity '&lt;100' PYTHON_9.3 #</Process><Process ToolSource="c:\program files (x86)\arcgis\desktop10.8\ArcToolbox\Toolboxes\Data Management Tools.tbx\CalculateField" Date="20230120" Time="114857">CalculateField pipelines_netzeroamerica_2030 Year 2020 PYTHON_9.3 #</Process><Process ToolSource="c:\program files (x86)\arcgis\desktop10.8\ArcToolbox\Toolboxes\Data Management Tools.tbx\CalculateField" Date="20230120" Time="115052">CalculateField pipelines_netzeroamerica_2030 Year 2020 PYTHON_9.3 #</Process><Process ToolSource="c:\program files (x86)\arcgis\desktop10.8\ArcToolbox\Toolboxes\Data Management Tools.tbx\CalculateField" Date="20230120" Time="115102">CalculateField pipelines_netzeroamerica_2030 Year 2020 PYTHON_9.3 #</Process><Process ToolSource="c:\program files (x86)\arcgis\desktop10.8\ArcToolbox\Toolboxes\Data Management Tools.tbx\CalculateField" Date="20230120" Time="115147">CalculateField pipelines_netzeroamerica_2030 Year 2020 PYTHON_9.3 #</Process><Process ToolSource="c:\program files (x86)\arcgis\desktop10.8\ArcToolbox\Toolboxes\Data Management Tools.tbx\CalculateField" Date="20230120" Time="115208">CalculateField pipelines_netzeroamerica_2030 Year 2020 PYTHON_9.3 #</Process><Process ToolSource="c:\program files (x86)\arcgis\desktop10.8\ArcToolbox\Toolboxes\Data Management Tools.tbx\CalculateField" Date="20230120" Time="115233">CalculateField pipelines_netzeroamerica_2030 Year 2020 PYTHON_9.3 #</Process><Process ToolSource="c:\program files (x86)\arcgis\desktop10.8\ArcToolbox\Toolboxes\Data Management Tools.tbx\CalculateField" Date="20230127" Time="105421">CalculateField pipelines_netzeroamerica_2030 Existing "Yes" PYTHON_9.3 #</Process><Process ToolSource="c:\program files (x86)\arcgis\desktop10.8\ArcToolbox\Toolboxes\Data Management Tools.tbx\CalculateField" Date="20230127" Time="105540">CalculateField pipelines_netzeroamerica_2030 Existing "Yes" PYTHON_9.3 #</Process><Process ToolSource="c:\program files (x86)\arcgis\desktop10.8\ArcToolbox\Toolboxes\Data Management Tools.tbx\CalculateField" Date="20230127" Time="105757">CalculateField pipelines_netzeroamerica_2030 Existing "Yes" PYTHON_9.3 #</Process><Process ToolSource="c:\program files (x86)\arcgis\desktop10.8\ArcToolbox\Toolboxes\Data Management Tools.tbx\CalculateField" Date="20230127" Time="115047">CalculateField pipelines_netzeroamerica_2030 Existing "Yes" PYTHON_9.3 #</Process><Process ToolSource="c:\program files (x86)\arcgis\desktop10.8\ArcToolbox\Toolboxes\Data Management Tools.tbx\CalculateField" Date="20230127" Time="115104">CalculateField pipelines_netzeroamerica_2030 Existing "Yes" PYTHON_9.3 #</Process><Process ToolSource="c:\program files (x86)\arcgis\desktop10.8\ArcToolbox\Toolboxes\Data Management Tools.tbx\CalculateField" Date="20230127" Time="115145">CalculateField pipelines_netzeroamerica_2030 Existing "Yes" PYTHON_9.3 #</Process><Process ToolSource="c:\program files (x86)\arcgis\desktop10.8\ArcToolbox\Toolboxes\Data Management Tools.tbx\CalculateField" Date="20230127" Time="115229">CalculateField pipelines_netzeroamerica_2030 Existing "Yes" PYTHON_9.3 #</Process><Process ToolSource="c:\program files (x86)\arcgis\desktop10.8\ArcToolbox\Toolboxes\Data Management Tools.tbx\CalculateField" Date="20230127" Time="115622">CalculateField pipelines_netzeroamerica_2030 Existing "No" PYTHON_9.3 #</Process><Process ToolSource="c:\program files (x86)\arcgis\desktop10.8\ArcToolbox\Toolboxes\Data Management Tools.tbx\CalculateField" Date="20230131" Time="155444">CalculateField Pipeline Source "NetZero America" VB #</Process></lineage><itemProps><itemLocation><linkage Sync="TRUE">file://\\WD-9700978\C$\Users\kirkendall4\Documents\_Local\Projects\CO2_Roads_to_Removal\Data\National_GtN.gdb</linkage><protocol Sync="TRUE">Local Area Network</protocol></itemLocation></itemProps></DataProperties></Esri></metadata>
