<metadata xml:lang="en"><Esri><CreaDate>20230616</CreaDate><CreaTime>16473700</CreaTime><ArcGISFormat>1.0</ArcGISFormat><SyncOnce>FALSE</SyncOnce><DataProperties><lineage><Process ToolSource="c:\program files\arcgis\pro\Resources\ArcToolbox\toolboxes\Data Management Tools.tbx\CreateFeatureclass" Date="20230616" Time="164737">CreateFeatureclass C:\Users\hpilorge\Documents\ArcGIS\Projects\2-2-2-map\2-2-2-map.gdb TOFC Point Sheet1$ No No "GEOGCS["GCS_WGS_1984",DATUM["D_WGS_1984",SPHEROID["WGS_1984",6378137.0,298.257223563]],PRIMEM["Greenwich",0.0],UNIT["Degree",0.0174532925199433]];-400 -400 1000000000;-100000 10000;-100000 10000;8.98315284119521E-09;0.001;0.001;IsHighPrecision" # 0 0 0 #</Process><Process ToolSource="c:\program files\arcgis\pro\Resources\ArcToolbox\toolboxes\Data Management Tools.tbx\XYTableToPoint" Date="20230616" Time="164738">XYTableToPoint Sheet1$ C:\Users\hpilorge\Documents\ArcGIS\Projects\2-2-2-map\2-2-2-map.gdb\TOFC LON LAT # "GEOGCS["GCS_WGS_1984",DATUM["D_WGS_1984",SPHEROID["WGS_1984",6378137.0,298.257223563]],PRIMEM["Greenwich",0.0],UNIT["Degree",0.0174532925199433]];-400 -400 1000000000;-100000 10000;-100000 10000;8.98315284119521E-09;0.001;0.001;IsHighPrecision"</Process><Process ToolSource="c:\program files\arcgis\pro\Resources\ArcToolbox\toolboxes\Conversion Tools.tbx\ExportFeatures" Date="20231130" Time="174501">ExportFeatures C:\Users\hpilorge\Documents\ArcGIS\Projects\2-2-2-map\2-2-2-map.gdb\TOFC C:\Users\hpilorge\Documents\ArcGIS\Projects\2-2-2-map\Data\TOFC.shp # NOT_USE_ALIAS "OBJECTID "OBJECTID" true true false 8 Double 0 0,First,#,C:\Users\hpilorge\Documents\ArcGIS\Projects\2-2-2-map\2-2-2-map.gdb\TOFC,OBJECTID,-1,-1;TERMINAL "TERMINAL" true true false 255 Text 0 0,First,#,C:\Users\hpilorge\Documents\ArcGIS\Projects\2-2-2-map\2-2-2-map.gdb\TOFC,TERMINAL,0,255;TERM_ADDRE "TERM_ADDRE" true true false 255 Text 0 0,First,#,C:\Users\hpilorge\Documents\ArcGIS\Projects\2-2-2-map\2-2-2-map.gdb\TOFC,TERM_ADDRE,0,255;City "CITY" true true false 255 Text 0 0,First,#,C:\Users\hpilorge\Documents\ArcGIS\Projects\2-2-2-map\2-2-2-map.gdb\TOFC,City,0,255;State "STATE" true true false 255 Text 0 0,First,#,C:\Users\hpilorge\Documents\ArcGIS\Projects\2-2-2-map\2-2-2-map.gdb\TOFC,State,0,255;Zip_Code "ZIP_CODE" true true false 8 Double 0 0,First,#,C:\Users\hpilorge\Documents\ArcGIS\Projects\2-2-2-map\2-2-2-map.gdb\TOFC,Zip_Code,-1,-1;PORT "PORT" true true false 255 Text 0 0,First,#,C:\Users\hpilorge\Documents\ArcGIS\Projects\2-2-2-map\2-2-2-map.gdb\TOFC,PORT,0,255;RAIL_CO "RAIL_CO" true true false 255 Text 0 0,First,#,C:\Users\hpilorge\Documents\ArcGIS\Projects\2-2-2-map\2-2-2-map.gdb\TOFC,RAIL_CO,0,255;EQUIPMENT "EQUIPMENT" true true false 255 Text 0 0,First,#,C:\Users\hpilorge\Documents\ArcGIS\Projects\2-2-2-map\2-2-2-map.gdb\TOFC,EQUIPMENT,0,255;ACCESS_RD "ACCESS_RD" true true false 255 Text 0 0,First,#,C:\Users\hpilorge\Documents\ArcGIS\Projects\2-2-2-map\2-2-2-map.gdb\TOFC,ACCESS_RD,0,255;SPLC "SPLC" true true false 8 Double 0 0,First,#,C:\Users\hpilorge\Documents\ArcGIS\Projects\2-2-2-map\2-2-2-map.gdb\TOFC,SPLC,-1,-1;LAT "LAT" true true false 8 Double 0 0,First,#,C:\Users\hpilorge\Documents\ArcGIS\Projects\2-2-2-map\2-2-2-map.gdb\TOFC,LAT,-1,-1;LON "LON" true true false 8 Double 0 0,First,#,C:\Users\hpilorge\Documents\ArcGIS\Projects\2-2-2-map\2-2-2-map.gdb\TOFC,LON,-1,-1" #</Process></lineage><itemProps><itemName Sync="TRUE">TOFC</itemName><imsContentType Sync="TRUE">002</imsContentType><itemSize Sync="TRUE">0.000</itemSize><itemLocation><linkage Sync="TRUE">file://\\KLMN21-0019-WD\C$\Users\hpilorge\Documents\ArcGIS\Projects\2-2-2-map\Data\TOFC.shp</linkage><protocol Sync="TRUE">Local Area Network</protocol></itemLocation></itemProps><coordRef><type Sync="TRUE">Geographic</type><geogcsn Sync="TRUE">GCS_WGS_1984</geogcsn><csUnits Sync="TRUE">Angular Unit: Degree (0.017453)</csUnits><peXml Sync="TRUE">&lt;GeographicCoordinateSystem xsi:type='typens:GeographicCoordinateSystem' xmlns:xsi='http://www.w3.org/2001/XMLSchema-instance' xmlns:xs='http://www.w3.org/2001/XMLSchema' xmlns:typens='http://www.esri.com/schemas/ArcGIS/3.0.0'&gt;&lt;WKT&gt;GEOGCS[&amp;quot;GCS_WGS_1984&amp;quot;,DATUM[&amp;quot;D_WGS_1984&amp;quot;,SPHEROID[&amp;quot;WGS_1984&amp;quot;,6378137.0,298.257223563]],PRIMEM[&amp;quot;Greenwich&amp;quot;,0.0],UNIT[&amp;quot;Degree&amp;quot;,0.0174532925199433],AUTHORITY[&amp;quot;EPSG&amp;quot;,4326]]&lt;/WKT&gt;&lt;XOrigin&gt;-400&lt;/XOrigin&gt;&lt;YOrigin&gt;-400&lt;/YOrigin&gt;&lt;XYScale&gt;11258999068426.238&lt;/XYScale&gt;&lt;ZOrigin&gt;-100000&lt;/ZOrigin&gt;&lt;ZScale&gt;10000&lt;/ZScale&gt;&lt;MOrigin&gt;-100000&lt;/MOrigin&gt;&lt;MScale&gt;10000&lt;/MScale&gt;&lt;XYTolerance&gt;8.983152841195215e-09&lt;/XYTolerance&gt;&lt;ZTolerance&gt;0.001&lt;/ZTolerance&gt;&lt;MTolerance&gt;0.001&lt;/MTolerance&gt;&lt;HighPrecision&gt;true&lt;/HighPrecision&gt;&lt;LeftLongitude&gt;-180&lt;/LeftLongitude&gt;&lt;WKID&gt;4326&lt;/WKID&gt;&lt;LatestWKID&gt;4326&lt;/LatestWKID&gt;&lt;/GeographicCoordinateSystem&gt;</peXml></coordRef></DataProperties><SyncDate>20231130</SyncDate><SyncTime>17450100</SyncTime><ModDate>20231130</ModDate><ModTime>17450100</ModTime></Esri><dataIdInfo><envirDesc Sync="TRUE">Microsoft Windows 10 Version 10.0 (Build 19045) ; Esri ArcGIS 13.0.0.36056</envirDesc><dataLang><languageCode value="eng" Sync="TRUE"></languageCode><countryCode value="USA" Sync="TRUE"></countryCode></dataLang><idCitation><resTitle Sync="TRUE">TOFC</resTitle><presForm><PresFormCd value="005" Sync="TRUE"></PresFormCd></presForm></idCitation><spatRpType><SpatRepTypCd value="001" Sync="TRUE"></SpatRepTypCd></spatRpType></dataIdInfo><mdLang><languageCode value="eng" Sync="TRUE"></languageCode><countryCode value="USA" Sync="TRUE"></countryCode></mdLang><distInfo><distFormat><formatName Sync="TRUE">Shapefile</formatName></distFormat><distTranOps><transSize Sync="TRUE">0.000</transSize></distTranOps></distInfo><mdHrLv><ScopeCd value="005" Sync="TRUE"></ScopeCd></mdHrLv><mdHrLvName Sync="TRUE">dataset</mdHrLvName><refSysInfo><RefSystem><refSysID><identCode code="4326" Sync="TRUE"></identCode><idCodeSpace Sync="TRUE">EPSG</idCodeSpace><idVersion Sync="TRUE">6.2(3.0.1)</idVersion></refSysID></RefSystem></refSysInfo><spatRepInfo><VectSpatRep><geometObjs Name="TOFC"><geoObjTyp><GeoObjTypCd value="004" Sync="TRUE"></GeoObjTypCd></geoObjTyp><geoObjCnt Sync="TRUE">0</geoObjCnt></geometObjs><topLvl><TopoLevCd value="001" Sync="TRUE"></TopoLevCd></topLvl></VectSpatRep></spatRepInfo><spdoinfo><ptvctinf><esriterm Name="TOFC"><efeatyp Sync="TRUE">Simple</efeatyp><efeageom code="1" Sync="TRUE"></efeageom><esritopo Sync="TRUE">FALSE</esritopo><efeacnt Sync="TRUE">0</efeacnt><spindex Sync="TRUE">FALSE</spindex><linrefer Sync="TRUE">FALSE</linrefer></esriterm></ptvctinf></spdoinfo><eainfo><detailed Name="TOFC"><enttyp><enttypl Sync="TRUE">TOFC</enttypl><enttypt Sync="TRUE">Feature Class</enttypt><enttypc Sync="TRUE">0</enttypc></enttyp><attr><attrlabl Sync="TRUE">FID</attrlabl><attalias Sync="TRUE">FID</attalias><attrtype Sync="TRUE">OID</attrtype><attwidth Sync="TRUE">4</attwidth><atprecis Sync="TRUE">0</atprecis><attscale Sync="TRUE">0</attscale><attrdef Sync="TRUE">Internal feature number.</attrdef><attrdefs Sync="TRUE">Esri</attrdefs><attrdomv><udom Sync="TRUE">Sequential unique whole numbers that are automatically generated.</udom></attrdomv></attr><attr><attrlabl Sync="TRUE">Shape</attrlabl><attalias Sync="TRUE">Shape</attalias><attrtype Sync="TRUE">Geometry</attrtype><attwidth Sync="TRUE">0</attwidth><atprecis Sync="TRUE">0</atprecis><attscale Sync="TRUE">0</attscale><attrdef Sync="TRUE">Feature geometry.</attrdef><attrdefs Sync="TRUE">Esri</attrdefs><attrdomv><udom Sync="TRUE">Coordinates defining the features.</udom></attrdomv></attr><attr><attrlabl Sync="TRUE">OBJECTID</attrlabl><attalias Sync="TRUE">OBJECTID</attalias><attrtype Sync="TRUE">Double</attrtype><attwidth Sync="TRUE">19</attwidth><atprecis Sync="TRUE">0</atprecis><attscale Sync="TRUE">0</attscale></attr><attr><attrlabl Sync="TRUE">TERMINAL</attrlabl><attalias Sync="TRUE">TERMINAL</attalias><attrtype Sync="TRUE">String</attrtype><attwidth Sync="TRUE">254</attwidth><atprecis Sync="TRUE">0</atprecis><attscale Sync="TRUE">0</attscale></attr><attr><attrlabl Sync="TRUE">TERM_ADDRE</attrlabl><attalias Sync="TRUE">TERM_ADDRE</attalias><attrtype Sync="TRUE">String</attrtype><attwidth Sync="TRUE">254</attwidth><atprecis Sync="TRUE">0</atprecis><attscale Sync="TRUE">0</attscale></attr><attr><attrlabl Sync="TRUE">City</attrlabl><attalias Sync="TRUE">City</attalias><attrtype Sync="TRUE">String</attrtype><attwidth Sync="TRUE">254</attwidth><atprecis Sync="TRUE">0</atprecis><attscale Sync="TRUE">0</attscale></attr><attr><attrlabl Sync="TRUE">State</attrlabl><attalias Sync="TRUE">State</attalias><attrtype Sync="TRUE">String</attrtype><attwidth Sync="TRUE">254</attwidth><atprecis Sync="TRUE">0</atprecis><attscale Sync="TRUE">0</attscale></attr><attr><attrlabl Sync="TRUE">Zip_Code</attrlabl><attalias Sync="TRUE">Zip_Code</attalias><attrtype Sync="TRUE">Double</attrtype><attwidth Sync="TRUE">19</attwidth><atprecis Sync="TRUE">0</atprecis><attscale Sync="TRUE">0</attscale></attr><attr><attrlabl Sync="TRUE">PORT</attrlabl><attalias Sync="TRUE">PORT</attalias><attrtype Sync="TRUE">String</attrtype><attwidth Sync="TRUE">254</attwidth><atprecis Sync="TRUE">0</atprecis><attscale Sync="TRUE">0</attscale></attr><attr><attrlabl Sync="TRUE">RAIL_CO</attrlabl><attalias Sync="TRUE">RAIL_CO</attalias><attrtype Sync="TRUE">String</attrtype><attwidth Sync="TRUE">254</attwidth><atprecis Sync="TRUE">0</atprecis><attscale Sync="TRUE">0</attscale></attr><attr><attrlabl Sync="TRUE">EQUIPMENT</attrlabl><attalias Sync="TRUE">EQUIPMENT</attalias><attrtype Sync="TRUE">String</attrtype><attwidth Sync="TRUE">254</attwidth><atprecis Sync="TRUE">0</atprecis><attscale Sync="TRUE">0</attscale></attr><attr><attrlabl Sync="TRUE">ACCESS_RD</attrlabl><attalias Sync="TRUE">ACCESS_RD</attalias><attrtype Sync="TRUE">String</attrtype><attwidth Sync="TRUE">254</attwidth><atprecis Sync="TRUE">0</atprecis><attscale Sync="TRUE">0</attscale></attr><attr><attrlabl Sync="TRUE">SPLC</attrlabl><attalias Sync="TRUE">SPLC</attalias><attrtype Sync="TRUE">Double</attrtype><attwidth Sync="TRUE">19</attwidth><atprecis Sync="TRUE">0</atprecis><attscale Sync="TRUE">0</attscale></attr><attr><attrlabl Sync="TRUE">LAT</attrlabl><attalias Sync="TRUE">LAT</attalias><attrtype Sync="TRUE">Double</attrtype><attwidth Sync="TRUE">19</attwidth><atprecis Sync="TRUE">0</atprecis><attscale Sync="TRUE">0</attscale></attr><attr><attrlabl Sync="TRUE">LON</attrlabl><attalias Sync="TRUE">LON</attalias><attrtype Sync="TRUE">Double</attrtype><attwidth Sync="TRUE">19</attwidth><atprecis Sync="TRUE">0</atprecis><attscale Sync="TRUE">0</attscale></attr></detailed></eainfo><mdDateSt Sync="TRUE">20231130</mdDateSt></metadata>
