<metadata xml:lang="en"><Esri><CreaDate>20230616</CreaDate><CreaTime>16465200</CreaTime><ArcGISFormat>1.0</ArcGISFormat><SyncOnce>FALSE</SyncOnce><DataProperties><lineage><Process ToolSource="c:\program files\arcgis\pro\Resources\ArcToolbox\toolboxes\Data Management Tools.tbx\CreateFeatureclass" Date="20230616" Time="164652">CreateFeatureclass C:\Users\hpilorge\Documents\ArcGIS\Projects\2-2-2-map\2-2-2-map.gdb Sheet1_XYTableToPoint Point Sheet1$ No No "GEOGCS["GCS_WGS_1984",DATUM["D_WGS_1984",SPHEROID["WGS_1984",6378137.0,298.257223563]],PRIMEM["Greenwich",0.0],UNIT["Degree",0.0174532925199433]];-400 -400 1000000000;-100000 10000;-100000 10000;8.98315284119521E-09;0.001;0.001;IsHighPrecision" # 0 0 0 #</Process><Process ToolSource="c:\program files\arcgis\pro\Resources\ArcToolbox\toolboxes\Data Management Tools.tbx\XYTableToPoint" Date="20230616" Time="164653">XYTableToPoint Sheet1$ C:\Users\hpilorge\Documents\ArcGIS\Projects\2-2-2-map\2-2-2-map.gdb\Sheet1_XYTableToPoint longitude latitude # "GEOGCS["GCS_WGS_1984",DATUM["D_WGS_1984",SPHEROID["WGS_1984",6378137.0,298.257223563]],PRIMEM["Greenwich",0.0],UNIT["Degree",0.0174532925199433]];-400 -400 1000000000;-100000 10000;-100000 10000;8.98315284119521E-09;0.001;0.001;IsHighPrecision"</Process><Process ToolSource="c:\program files\arcgis\pro\Resources\ArcToolbox\toolboxes\Conversion Tools.tbx\ExportFeatures" Date="20231130" Time="174852">ExportFeatures C:\Users\hpilorge\Documents\ArcGIS\Projects\2-2-2-map\2-2-2-map.gdb\Sheet1_XYTableToPoint C:\Users\hpilorge\Documents\ArcGIS\Projects\2-2-2-map\Data\FTOT.shp # NOT_USE_ALIAS "OBJECTID "OBJECTID" true true false 8 Double 0 0,First,#,C:\Users\hpilorge\Documents\ArcGIS\Projects\2-2-2-map\2-2-2-map.gdb\Sheet1_XYTableToPoint,OBJECTID,-1,-1;OBJECTID1 "OBJECTID1" true true false 8 Double 0 0,First,#,C:\Users\hpilorge\Documents\ArcGIS\Projects\2-2-2-map\2-2-2-map.gdb\Sheet1_XYTableToPoint,OBJECTID1,-1,-1;Facility_I "Facility_I" true true false 8 Double 0 0,First,#,C:\Users\hpilorge\Documents\ArcGIS\Projects\2-2-2-map\2-2-2-map.gdb\Sheet1_XYTableToPoint,Facility_I,-1,-1;Name "Name" true true false 255 Text 0 0,First,#,C:\Users\hpilorge\Documents\ArcGIS\Projects\2-2-2-map\2-2-2-map.gdb\Sheet1_XYTableToPoint,Name,0,255;Address "Address" true true false 255 Text 0 0,First,#,C:\Users\hpilorge\Documents\ArcGIS\Projects\2-2-2-map\2-2-2-map.gdb\Sheet1_XYTableToPoint,Address,0,255;City "City" true true false 255 Text 0 0,First,#,C:\Users\hpilorge\Documents\ArcGIS\Projects\2-2-2-map\2-2-2-map.gdb\Sheet1_XYTableToPoint,City,0,255;State "State" true true false 255 Text 0 0,First,#,C:\Users\hpilorge\Documents\ArcGIS\Projects\2-2-2-map\2-2-2-map.gdb\Sheet1_XYTableToPoint,State,0,255;Source "Source" true true false 255 Text 0 0,First,#,C:\Users\hpilorge\Documents\ArcGIS\Projects\2-2-2-map\2-2-2-map.gdb\Sheet1_XYTableToPoint,Source,0,255;Rail "Rail" true true false 255 Text 0 0,First,#,C:\Users\hpilorge\Documents\ArcGIS\Projects\2-2-2-map\2-2-2-map.gdb\Sheet1_XYTableToPoint,Rail,0,255;Operator "Operator" true true false 255 Text 0 0,First,#,C:\Users\hpilorge\Documents\ArcGIS\Projects\2-2-2-map\2-2-2-map.gdb\Sheet1_XYTableToPoint,Operator,0,255;Website "Website" true true false 255 Text 0 0,First,#,C:\Users\hpilorge\Documents\ArcGIS\Projects\2-2-2-map\2-2-2-map.gdb\Sheet1_XYTableToPoint,Website,0,255;Other_Link "Other_Link" true true false 255 Text 0 0,First,#,C:\Users\hpilorge\Documents\ArcGIS\Projects\2-2-2-map\2-2-2-map.gdb\Sheet1_XYTableToPoint,Other_Link,0,255;Google_Map "Google_Map" true true false 255 Text 0 0,First,#,C:\Users\hpilorge\Documents\ArcGIS\Projects\2-2-2-map\2-2-2-map.gdb\Sheet1_XYTableToPoint,Google_Map,0,255;Notes "Notes" true true false 255 Text 0 0,First,#,C:\Users\hpilorge\Documents\ArcGIS\Projects\2-2-2-map\2-2-2-map.gdb\Sheet1_XYTableToPoint,Notes,0,255;IM_Source "IM_Source" true true false 255 Text 0 0,First,#,C:\Users\hpilorge\Documents\ArcGIS\Projects\2-2-2-map\2-2-2-map.gdb\Sheet1_XYTableToPoint,IM_Source,0,255;ID "ID" true true false 255 Text 0 0,First,#,C:\Users\hpilorge\Documents\ArcGIS\Projects\2-2-2-map\2-2-2-map.gdb\Sheet1_XYTableToPoint,ID,0,255;Zip_Code "Zip_Code" true true false 8 Double 0 0,First,#,C:\Users\hpilorge\Documents\ArcGIS\Projects\2-2-2-map\2-2-2-map.gdb\Sheet1_XYTableToPoint,Zip_Code,-1,-1;Road "Road" true true false 255 Text 0 0,First,#,C:\Users\hpilorge\Documents\ArcGIS\Projects\2-2-2-map\2-2-2-map.gdb\Sheet1_XYTableToPoint,Road,0,255;Marine "Marine" true true false 255 Text 0 0,First,#,C:\Users\hpilorge\Documents\ArcGIS\Projects\2-2-2-map\2-2-2-map.gdb\Sheet1_XYTableToPoint,Marine,0,255;Pipeline "Pipeline" true true false 255 Text 0 0,First,#,C:\Users\hpilorge\Documents\ArcGIS\Projects\2-2-2-map\2-2-2-map.gdb\Sheet1_XYTableToPoint,Pipeline,0,255;Volume "Volume" true true false 255 Text 0 0,First,#,C:\Users\hpilorge\Documents\ArcGIS\Projects\2-2-2-map\2-2-2-map.gdb\Sheet1_XYTableToPoint,Volume,0,255;Capacity "Capacity" true true false 255 Text 0 0,First,#,C:\Users\hpilorge\Documents\ArcGIS\Projects\2-2-2-map\2-2-2-map.gdb\Sheet1_XYTableToPoint,Capacity,0,255;VCR "VCR" true true false 255 Text 0 0,First,#,C:\Users\hpilorge\Documents\ArcGIS\Projects\2-2-2-map\2-2-2-map.gdb\Sheet1_XYTableToPoint,VCR,0,255;latitude "latitude" true true false 8 Double 0 0,First,#,C:\Users\hpilorge\Documents\ArcGIS\Projects\2-2-2-map\2-2-2-map.gdb\Sheet1_XYTableToPoint,latitude,-1,-1;longitude "longitude" true true false 8 Double 0 0,First,#,C:\Users\hpilorge\Documents\ArcGIS\Projects\2-2-2-map\2-2-2-map.gdb\Sheet1_XYTableToPoint,longitude,-1,-1" #</Process></lineage><itemProps><itemName Sync="TRUE">FTOT</itemName><imsContentType Sync="TRUE">002</imsContentType><itemSize Sync="TRUE">0.000</itemSize><itemLocation><linkage Sync="TRUE">file://\\KLMN21-0019-WD\C$\Users\hpilorge\Documents\ArcGIS\Projects\2-2-2-map\Data\FTOT.shp</linkage><protocol Sync="TRUE">Local Area Network</protocol></itemLocation></itemProps><coordRef><type Sync="TRUE">Geographic</type><geogcsn Sync="TRUE">GCS_WGS_1984</geogcsn><csUnits Sync="TRUE">Angular Unit: Degree (0.017453)</csUnits><peXml Sync="TRUE">&lt;GeographicCoordinateSystem xsi:type='typens:GeographicCoordinateSystem' xmlns:xsi='http://www.w3.org/2001/XMLSchema-instance' xmlns:xs='http://www.w3.org/2001/XMLSchema' xmlns:typens='http://www.esri.com/schemas/ArcGIS/3.0.0'&gt;&lt;WKT&gt;GEOGCS[&amp;quot;GCS_WGS_1984&amp;quot;,DATUM[&amp;quot;D_WGS_1984&amp;quot;,SPHEROID[&amp;quot;WGS_1984&amp;quot;,6378137.0,298.257223563]],PRIMEM[&amp;quot;Greenwich&amp;quot;,0.0],UNIT[&amp;quot;Degree&amp;quot;,0.0174532925199433],AUTHORITY[&amp;quot;EPSG&amp;quot;,4326]]&lt;/WKT&gt;&lt;XOrigin&gt;-400&lt;/XOrigin&gt;&lt;YOrigin&gt;-400&lt;/YOrigin&gt;&lt;XYScale&gt;11258999068426.238&lt;/XYScale&gt;&lt;ZOrigin&gt;-100000&lt;/ZOrigin&gt;&lt;ZScale&gt;10000&lt;/ZScale&gt;&lt;MOrigin&gt;-100000&lt;/MOrigin&gt;&lt;MScale&gt;10000&lt;/MScale&gt;&lt;XYTolerance&gt;8.983152841195215e-09&lt;/XYTolerance&gt;&lt;ZTolerance&gt;0.001&lt;/ZTolerance&gt;&lt;MTolerance&gt;0.001&lt;/MTolerance&gt;&lt;HighPrecision&gt;true&lt;/HighPrecision&gt;&lt;LeftLongitude&gt;-180&lt;/LeftLongitude&gt;&lt;WKID&gt;4326&lt;/WKID&gt;&lt;LatestWKID&gt;4326&lt;/LatestWKID&gt;&lt;/GeographicCoordinateSystem&gt;</peXml></coordRef></DataProperties><SyncDate>20231130</SyncDate><SyncTime>17485100</SyncTime><ModDate>20231130</ModDate><ModTime>17485100</ModTime></Esri><dataIdInfo><envirDesc Sync="TRUE">Microsoft Windows 10 Version 10.0 (Build 19045) ; Esri ArcGIS 13.0.0.36056</envirDesc><dataLang><languageCode value="eng" Sync="TRUE"></languageCode><countryCode value="USA" Sync="TRUE"></countryCode></dataLang><idCitation><resTitle Sync="TRUE">FTOT</resTitle><presForm><PresFormCd value="005" Sync="TRUE"></PresFormCd></presForm></idCitation><spatRpType><SpatRepTypCd value="001" Sync="TRUE"></SpatRepTypCd></spatRpType></dataIdInfo><mdLang><languageCode value="eng" Sync="TRUE"></languageCode><countryCode value="USA" Sync="TRUE"></countryCode></mdLang><distInfo><distFormat><formatName Sync="TRUE">Shapefile</formatName></distFormat><distTranOps><transSize Sync="TRUE">0.000</transSize></distTranOps></distInfo><mdHrLv><ScopeCd value="005" Sync="TRUE"></ScopeCd></mdHrLv><mdHrLvName Sync="TRUE">dataset</mdHrLvName><refSysInfo><RefSystem><refSysID><identCode code="4326" Sync="TRUE"></identCode><idCodeSpace Sync="TRUE">EPSG</idCodeSpace><idVersion Sync="TRUE">6.2(3.0.1)</idVersion></refSysID></RefSystem></refSysInfo><spatRepInfo><VectSpatRep><geometObjs Name="FTOT"><geoObjTyp><GeoObjTypCd value="004" Sync="TRUE"></GeoObjTypCd></geoObjTyp><geoObjCnt Sync="TRUE">0</geoObjCnt></geometObjs><topLvl><TopoLevCd value="001" Sync="TRUE"></TopoLevCd></topLvl></VectSpatRep></spatRepInfo><spdoinfo><ptvctinf><esriterm Name="FTOT"><efeatyp Sync="TRUE">Simple</efeatyp><efeageom code="1" Sync="TRUE"></efeageom><esritopo Sync="TRUE">FALSE</esritopo><efeacnt Sync="TRUE">0</efeacnt><spindex Sync="TRUE">FALSE</spindex><linrefer Sync="TRUE">FALSE</linrefer></esriterm></ptvctinf></spdoinfo><eainfo><detailed Name="FTOT"><enttyp><enttypl Sync="TRUE">FTOT</enttypl><enttypt Sync="TRUE">Feature Class</enttypt><enttypc Sync="TRUE">0</enttypc></enttyp><attr><attrlabl Sync="TRUE">FID</attrlabl><attalias Sync="TRUE">FID</attalias><attrtype Sync="TRUE">OID</attrtype><attwidth Sync="TRUE">4</attwidth><atprecis Sync="TRUE">0</atprecis><attscale Sync="TRUE">0</attscale><attrdef Sync="TRUE">Internal feature number.</attrdef><attrdefs Sync="TRUE">Esri</attrdefs><attrdomv><udom Sync="TRUE">Sequential unique whole numbers that are automatically generated.</udom></attrdomv></attr><attr><attrlabl Sync="TRUE">Shape</attrlabl><attalias Sync="TRUE">Shape</attalias><attrtype Sync="TRUE">Geometry</attrtype><attwidth Sync="TRUE">0</attwidth><atprecis Sync="TRUE">0</atprecis><attscale Sync="TRUE">0</attscale><attrdef Sync="TRUE">Feature geometry.</attrdef><attrdefs Sync="TRUE">Esri</attrdefs><attrdomv><udom Sync="TRUE">Coordinates defining the features.</udom></attrdomv></attr><attr><attrlabl Sync="TRUE">OBJECTID</attrlabl><attalias Sync="TRUE">OBJECTID</attalias><attrtype Sync="TRUE">Double</attrtype><attwidth Sync="TRUE">19</attwidth><atprecis Sync="TRUE">0</atprecis><attscale Sync="TRUE">0</attscale></attr><attr><attrlabl Sync="TRUE">OBJECTID1</attrlabl><attalias Sync="TRUE">OBJECTID1</attalias><attrtype Sync="TRUE">Double</attrtype><attwidth Sync="TRUE">19</attwidth><atprecis Sync="TRUE">0</atprecis><attscale Sync="TRUE">0</attscale></attr><attr><attrlabl Sync="TRUE">Facility_I</attrlabl><attalias Sync="TRUE">Facility_I</attalias><attrtype Sync="TRUE">Double</attrtype><attwidth Sync="TRUE">19</attwidth><atprecis Sync="TRUE">0</atprecis><attscale Sync="TRUE">0</attscale></attr><attr><attrlabl Sync="TRUE">Name</attrlabl><attalias Sync="TRUE">Name</attalias><attrtype Sync="TRUE">String</attrtype><attwidth Sync="TRUE">254</attwidth><atprecis Sync="TRUE">0</atprecis><attscale Sync="TRUE">0</attscale></attr><attr><attrlabl Sync="TRUE">Address</attrlabl><attalias Sync="TRUE">Address</attalias><attrtype Sync="TRUE">String</attrtype><attwidth Sync="TRUE">254</attwidth><atprecis Sync="TRUE">0</atprecis><attscale Sync="TRUE">0</attscale></attr><attr><attrlabl Sync="TRUE">City</attrlabl><attalias Sync="TRUE">City</attalias><attrtype Sync="TRUE">String</attrtype><attwidth Sync="TRUE">254</attwidth><atprecis Sync="TRUE">0</atprecis><attscale Sync="TRUE">0</attscale></attr><attr><attrlabl Sync="TRUE">State</attrlabl><attalias Sync="TRUE">State</attalias><attrtype Sync="TRUE">String</attrtype><attwidth Sync="TRUE">254</attwidth><atprecis Sync="TRUE">0</atprecis><attscale Sync="TRUE">0</attscale></attr><attr><attrlabl Sync="TRUE">Source</attrlabl><attalias Sync="TRUE">Source</attalias><attrtype Sync="TRUE">String</attrtype><attwidth Sync="TRUE">254</attwidth><atprecis Sync="TRUE">0</atprecis><attscale Sync="TRUE">0</attscale></attr><attr><attrlabl Sync="TRUE">Rail</attrlabl><attalias Sync="TRUE">Rail</attalias><attrtype Sync="TRUE">String</attrtype><attwidth Sync="TRUE">254</attwidth><atprecis Sync="TRUE">0</atprecis><attscale Sync="TRUE">0</attscale></attr><attr><attrlabl Sync="TRUE">Operator</attrlabl><attalias Sync="TRUE">Operator</attalias><attrtype Sync="TRUE">String</attrtype><attwidth Sync="TRUE">254</attwidth><atprecis Sync="TRUE">0</atprecis><attscale Sync="TRUE">0</attscale></attr><attr><attrlabl Sync="TRUE">Website</attrlabl><attalias Sync="TRUE">Website</attalias><attrtype Sync="TRUE">String</attrtype><attwidth Sync="TRUE">254</attwidth><atprecis Sync="TRUE">0</atprecis><attscale Sync="TRUE">0</attscale></attr><attr><attrlabl Sync="TRUE">Other_Link</attrlabl><attalias Sync="TRUE">Other_Link</attalias><attrtype Sync="TRUE">String</attrtype><attwidth Sync="TRUE">254</attwidth><atprecis Sync="TRUE">0</atprecis><attscale Sync="TRUE">0</attscale></attr><attr><attrlabl Sync="TRUE">Google_Map</attrlabl><attalias Sync="TRUE">Google_Map</attalias><attrtype Sync="TRUE">String</attrtype><attwidth Sync="TRUE">254</attwidth><atprecis Sync="TRUE">0</atprecis><attscale Sync="TRUE">0</attscale></attr><attr><attrlabl Sync="TRUE">Notes</attrlabl><attalias Sync="TRUE">Notes</attalias><attrtype Sync="TRUE">String</attrtype><attwidth Sync="TRUE">254</attwidth><atprecis Sync="TRUE">0</atprecis><attscale Sync="TRUE">0</attscale></attr><attr><attrlabl Sync="TRUE">IM_Source</attrlabl><attalias Sync="TRUE">IM_Source</attalias><attrtype Sync="TRUE">String</attrtype><attwidth Sync="TRUE">254</attwidth><atprecis Sync="TRUE">0</atprecis><attscale Sync="TRUE">0</attscale></attr><attr><attrlabl Sync="TRUE">ID</attrlabl><attalias Sync="TRUE">ID</attalias><attrtype Sync="TRUE">String</attrtype><attwidth Sync="TRUE">254</attwidth><atprecis Sync="TRUE">0</atprecis><attscale Sync="TRUE">0</attscale></attr><attr><attrlabl Sync="TRUE">Zip_Code</attrlabl><attalias Sync="TRUE">Zip_Code</attalias><attrtype Sync="TRUE">Double</attrtype><attwidth Sync="TRUE">19</attwidth><atprecis Sync="TRUE">0</atprecis><attscale Sync="TRUE">0</attscale></attr><attr><attrlabl Sync="TRUE">Road</attrlabl><attalias Sync="TRUE">Road</attalias><attrtype Sync="TRUE">String</attrtype><attwidth Sync="TRUE">254</attwidth><atprecis Sync="TRUE">0</atprecis><attscale Sync="TRUE">0</attscale></attr><attr><attrlabl Sync="TRUE">Marine</attrlabl><attalias Sync="TRUE">Marine</attalias><attrtype Sync="TRUE">String</attrtype><attwidth Sync="TRUE">254</attwidth><atprecis Sync="TRUE">0</atprecis><attscale Sync="TRUE">0</attscale></attr><attr><attrlabl Sync="TRUE">Pipeline</attrlabl><attalias Sync="TRUE">Pipeline</attalias><attrtype Sync="TRUE">String</attrtype><attwidth Sync="TRUE">254</attwidth><atprecis Sync="TRUE">0</atprecis><attscale Sync="TRUE">0</attscale></attr><attr><attrlabl Sync="TRUE">Volume</attrlabl><attalias Sync="TRUE">Volume</attalias><attrtype Sync="TRUE">String</attrtype><attwidth Sync="TRUE">254</attwidth><atprecis Sync="TRUE">0</atprecis><attscale Sync="TRUE">0</attscale></attr><attr><attrlabl Sync="TRUE">Capacity</attrlabl><attalias Sync="TRUE">Capacity</attalias><attrtype Sync="TRUE">String</attrtype><attwidth Sync="TRUE">254</attwidth><atprecis Sync="TRUE">0</atprecis><attscale Sync="TRUE">0</attscale></attr><attr><attrlabl Sync="TRUE">VCR</attrlabl><attalias Sync="TRUE">VCR</attalias><attrtype Sync="TRUE">String</attrtype><attwidth Sync="TRUE">254</attwidth><atprecis Sync="TRUE">0</atprecis><attscale Sync="TRUE">0</attscale></attr><attr><attrlabl Sync="TRUE">latitude</attrlabl><attalias Sync="TRUE">latitude</attalias><attrtype Sync="TRUE">Double</attrtype><attwidth Sync="TRUE">19</attwidth><atprecis Sync="TRUE">0</atprecis><attscale Sync="TRUE">0</attscale></attr><attr><attrlabl Sync="TRUE">longitude</attrlabl><attalias Sync="TRUE">longitude</attalias><attrtype Sync="TRUE">Double</attrtype><attwidth Sync="TRUE">19</attwidth><atprecis Sync="TRUE">0</atprecis><attscale Sync="TRUE">0</attscale></attr></detailed></eainfo><mdDateSt Sync="TRUE">20231130</mdDateSt></metadata>
